step,sim_time_s,altitude_km,latitude_deg,longitude_deg,battery_soc,solar_power_w,power_draw_w,in_eclipse,in_saa,fdir_mode,seu_active,gs_visible,panel_eff,drag_coeff,thrust_x,thrust_y,thrust_z,throttle,deep_sleep,payload_on,fdir_overridden,is_done,done_reason
1000,5005,564.1515576740867,-46.71920061729995,-74.62517934092791,0.9922608602362679,0,30,1,0,0,0,0,0.9938034254535916,2.2160238635280676,-0.18283007,-0.2059844,0.44377643,0,0,0,0,0,0
2000,10005,557.0323828538767,-80.91161227488477,8.204733736259694,0.9870163866013014,89.97425452285329,5,0,0,0,0,0,0.9997139391428144,2.25287192692936,0.25069153,-0.14279309,0.40423164,0,1,0,0,0,0
3000,15005,558.575060719987,-37.327656793999594,46.022384688156976,1,89.47360395552307,55,0,0,0,0,0,0.9941511550613675,2.245897566660455,-0.30467364,0.30662018,-0.5400405,0.29077175,0,1,0,0,0
4000,20005,566.2615346907342,9.848602929841013,38.38981154343883,0.9762055663973351,89.21090231873542,55,0,0,0,0,0,0.9912322479859491,2.250086115422541,-0.31070435,0.31203344,-0.53754413,0.3055084,0,1,0,0,0
5000,25005,576.0037930632025,56.80482579705086,19.082837733239256,0.9097501789387461,88.91597364507518,55,0,0,0,0,3,0.9879552627230576,2.265123644151503,-0.31070435,0.31203344,-0.53754413,0.3055084,0,1,0,0,0
6000,30005,587.478936647014,72.88516246232658,145.60833375739003,0.8431860745124015,89.0812698200127,30,0,0,0,0,0,0.98979188688903,2.276831068437949,-0.31070435,0.31203344,-0.53754413,0.3055084,0,1,0,0,0
7000,35005,596.4337600347399,26.796204473993555,138.02535893594398,0.890117323061874,0,30,1,0,0,0,0,0.9911284260558976,2.2781075852732147,-0.18406232,-0.48285216,0.6717464,0,0,0,0,0,0
8000,40005,594.314995950016,-20.47314061179073,129.94161737332203,0.9578738431208088,0,30,1,0,0,0,0,0.9965629660115038,2.311921435437635,-0.16354239,-0.2994482,0.542737,0,0,0,0,0,0
9000,45005,581.1308924141231,-67.28220291250972,131.13949633597147,0.9937107367713904,89.36598957396896,30,0,0,0,0,0,0.9929554397107662,2.325921943160196,0.19218813,0.22514676,0.20529027,0,0,0,0,0,0
10000,50005,568.0563411351095,-62.16977745445183,-113.06146453527779,0.9889046843406866,89.71089572150562,5,0,0,0,0,0,0.9967877302389514,2.2900554542887344,0.23374772,-0.20618516,0.48436883,0,1,0,0,0,0
11000,55005,563.8067726292011,-14.583765232676615,-115.03388575701068,1,89.93811268146348,55,0,0,0,0,0,0.999312363127372,2.276552427979716,-0.31070408,0.31203267,-0.5375438,0.3055084,0,1,0,0,0
12000,60005,569.8018031041374,33.54835457114614,-137.7939753893106,0.9514599244805196,89.81065713421981,55,0,0,0,0,0,0.9978961903802201,2.2682464533347155,-0.31070435,0.31203344,-0.53754413,0.3055084,0,1,0,0,0
13000,65005,585.9680452746306,79.17225091557243,-112.14247910300968,0.8457745918586544,89.49299309907501,55,0,0,0,0,0,0.9943665899897224,2.310855680134814,-0.31070435,0.31203344,-0.53754413,0.3055084,0,1,0,0,0
14000,70005,607.3063904120336,48.47953302112712,-1.9039403132459494,0.8562809355990237,0,30,1,0,0,0,1,0.9924478722556749,2.3206084260270097,-0.34298247,-0.31086808,0.72404927,0,0,0,0,0,0
15000,75005,619.157940705888,0.7448040349636176,-23.11151619352974,0.929727535402039,0,30,1,0,0,0,0,0.999898500945064,2.3479198288987453,-0.17089175,-0.48877776,0.41774502,0,0,0,0,0,0
16000,80005,610.4880936537083,-47.08264065595864,-29.49735301928475,1,0,5,1,0,0,0,0,0.9971216674463542,2.3613400145974333,-0.07684173,-0.12695114,0.47994605,0,1,0,0,0,0
17000,85005,588.480110246941,-79.92230758125304,61.32760338076354,1,89.50791888849523,5,0,0,0,0,0,0.9945324320943915,2.3650053700449107,0.22400394,-0.2695885,0.5600218,0,1,0,0,0,0
18000,90005,569.746590189352,-34.13150040637135,91.6465201077387,0.9963656811881805,89.81897522753698,55,0,0,0,0,0,0.9979886136392998,2.374196009741724,-0.26411724,0.2610146,-0.5624666,0.17298265,0,1,0,0,0
19000,95005,565.4161919510407,14.83850916092618,84.09582646934885,0.9824397791730182,89.53208696077282,55,0,0,0,0,0,0.994800966230809,2.3950716553985365,-0.31070435,0.31203344,-0.53754413,0.3055084,0,1,0,0,0
20000,100005,579.9973442239898,63.41331342467591,67.93289561169229,0.9009052221877124,89.39157065766074,55,0,0,0,0,0,0.9932396739740081,2.4134702406498616,-0.31070435,0.31203344,-0.53754413,0.3055084,0,1,0,0,0
21000,105005,609.912591328879,64.99607459873258,-160.15825234982182,0.8666835217493827,0,30,1,0,0,0,0,0.9966540690264603,2.3888727089384316,-0.39518023,-0.4228103,0.54117817,0,0,0,0,0,0
22000,110005,636.7426145438603,16.97790033258075,-160.395306581936,0.9126300625708736,0,30,1,0,0,0,0,0.996390914881513,2.315835046227515,-0.17606042,-0.49708486,0.6672236,0,0,0,0,0,0
23000,115005,638.7530774623237,-31.473968640523612,176.82093427762572,0.9830776395718223,0,30,1,0,0,0,0,0.993044769822973,2.3727771857217324,-0.23216195,-0.18593349,0.43704352,0,0,0,0,0,0
24000,120005,614.3147812571897,-78.07279266213892,-162.3077097547361,0.9766557104186274,89.85502543499122,5,0,0,0,0,0,0.9983891714999025,2.353650357899336,0.22889954,-0.25945964,0.53392106,0,1,0,0,0,0
25000,125005,582.7430378071085,-48.69813359953117,-62.04708262239508,0.9931623027252592,89.96426419634413,30,0,0,0,0,0,0.9996029355149348,2.3613230086210915,0.19565699,0.21947655,0.20162973,0,0,0,0,0,0
26000,130005,565.151042353853,0.9156453446548235,-67.88543732967665,1,89.98851511257351,55,0,0,0,0,0,0.9998723901397056,2.4169598892672175,-0.31070435,0.31203344,-0.53754413,0.3055084,0,1,0,0,0
27000,135005,573.9026606080879,50.71274805821012,-73.2985759886137,0.9179933587642494,89.51815048022345,55,0,0,0,0,0,0.9946461164469272,2.3650423059351504,-0.31070435,0.31203344,-0.53754413,0.3055084,0,1,0,0,0
28000,140005,608.7873520167077,76.02052773900756,33.35238138691248,0.8551704063022975,89.84804564662005,55,0,0,0,0,2,0.9983116182957783,2.426835317491093,-0.31070435,0.31203344,-0.53754413,0.3055084,0,1,0,0,0
29000,145005,649.1140632922697,28.305858462093763,47.733064365951606,0.8927892404835123,0,30,1,0,0,0,0,0.9917355452013081,2.4112166246112463,-0.17922334,-0.49283886,0.6698778,0,0,0,0,0,0
30000,150005,663.6566376381925,-20.720708829293383,24.957239499478554,0.9478711394301811,0,30,1,0,0,0,0,0.993098165582835,2.446818397522941,-0.2559683,-0.27917814,0.49865675,0,0,0,0,0,0
31000,155005,640.7523025488936,-69.112819214981,28.180394855634354,1,89.84856590169663,5,0,0,0,0,0,0.9983173989077404,2.4381585217856583,0.22862008,-0.17586567,0.47614464,0,1,0,0,0,0
32000,160005,599.0386076249397,-58.29326732869782,159.08243490634882,1,89.37055251338568,5,0,0,0,0,0,0.9930061390376186,2.4652552938081604,0.20114578,-0.13809673,0.49493065,0,1,0,0,0,0
33000,165005,568.0998996893832,-8.15321028158385,140.83384157258737,1,89.36479386995279,55,0,0,0,0,0,0.9929421541105865,2.4093426872400086,-0.3107044,0.31203344,-0.53754413,0.30550838,0,1,0,0,0
34000,170005,569.5685840043625,42.60603087027695,134.27922516742288,0.952680736313264,88.88171264303382,55,0,0,0,0,0,0.9875745849225981,2.4130297806373466,-0.31070435,0.31203344,-0.53754413,0.3055084,0,1,0,0,0
35000,175005,607.8106262787232,81.06992667313031,-144.5814823168977,0.8579961037380652,88.8265514895752,55,0,0,0,0,0,0.9869616832175021,2.3818020462107516,-0.31070435,0.31203344,-0.53754413,0.3055084,0,1,0,0,0
36000,180005,659.9706778792979,34.806507668072584,-103.5420209120041,0.89103552762616,0,30,1,0,0,0,0,0.9861972035165797,2.3666877505278503,-0.22123076,-0.40642998,0.686084,0,0,0,0,0,0
37000,185005,686.0472639065647,-14.791989931268573,-110.92306572663368,0.9705200021038025,0,30,1,0,0,0,0,0.9858794613589991,2.3996755992189773,-0.14653611,-0.3031842,0.5508305,0,0,0,0,0,0
38000,190005,665.1782817713383,-63.957735741666056,-126.60285881865438,0.99532260321721,88.8676276427428,5,0,0,0,0,0,0.9874180849193644,2.39546127884693,0.23200563,-0.16842955,0.4709834,0,1,0,0,0,0
39000,195005,614.7703977501233,-63.030877911425186,6.197968141783608,1,88.76073107566086,5,0,0,0,0,0,0.9862303452851207,2.410702904535574,0.22323301,-0.2580619,0.55446047,0,1,0,0,0,0
40000,200005,571.7952482593846,-12.338425173631569,5.251657233905667,0.977006480063855,88.524409415351,55,0,0,0,0,0,0.9836045490594556,2.4146572946717075,-0.31070438,0.31203306,-0.53754395,0.30550835,0,1,0,0,0
41000,205005,567.2418296326796,39.29818035510283,-16.537506127609095,0.9420669744302779,88.35670408148285,55,0,0,0,0,1,0.9817411564609205,2.4753234416420162,-0.31070435,0.31203344,-0.53754413,0.3055084,0,1,0,0,0
42000,210005,609.7767769159709,81.92765187488591,64.55443004793607,0.8606218969793299,88.03611430764248,55,0,0,0,0,2,0.9781790478626942,2.5158844602453385,-0.31070435,0.31203344,-0.53754413,0.3055084,0,1,0,0,0
43000,215005,672.8064883718116,36.53494101656444,106.05902757491474,0.8836310102696107,0,30,1,0,0,0,0,0.9777986841815579,2.485008016913329,-0.22904356,-0.3911502,0.6890573,0,0,0,0,0,0
44000,220005,707.3906611278735,-13.625452761435469,98.88581509969988,0.9672578173315547,0,30,1,0,0,0,0,0.9750888660709081,2.431116847116807,-0.1459288,-0.30332118,0.5511167,0,0,0,0,0,0
45000,225005,685.9570448973454,-63.32527305629044,97.98585857866291,0.9942729109455773,87.51332561248059,5,0,0,0,0,0,0.9723702845831176,2.4120102063269866,0.20712546,-0.1768152,0.5263362,0,1,0,0,0,0
46000,230005,626.5000266931538,-63.0872877018605,-143.89806520046128,0.9883150021212586,87.46219736742576,5,0,0,0,0,0,0.9718021929713974,2.405411308413869,0.2237941,-0.26948634,0.5624303,0,1,0,0,0,0
47000,235005,573.6309770061871,-11.653210488192974,-144.67642180052417,1,87.15048857729832,55,0,0,0,0,0,0.9683387619699814,2.3858557761418426,-0.31070417,0.3120331,-0.53754395,0.30550835,0,1,0,0,0
48000,240005,566.8744242571574,40.820937853671154,-166.18548254278957,0.9302369050426003,86.59868289175864,55,0,0,0,0,0,0.9622075876862071,2.368490330772435,-0.31070435,0.31203344,-0.53754413,0.3055084,0,1,0,0,0
49000,245005,617.0336466859935,81.10485298533207,-70.45273143155715,0.8692302008469656,86.55294248103829,55,0,0,0,0,0,0.9616993609004254,2.4327209648687673,-0.31070435,0.31203344,-0.53754413,0.3055084,0,1,0,0,0
50000,250005,690.5114084031502,33.57110057154516,-28.319466269785362,0.8779879383597777,0,30,1,0,0,0,0,0.9651123352041919,2.4677737306285765,-0.19739567,-0.45534545,0.6768944,0,0,0,0,0,0
51000,255005,728.9000340598259,-17.121530972393852,-50.61252936032015,0.9580557489986149,0,30,1,0,0,0,0,0.9667805382483299,2.4270385370626175,-0.2375644,-0.28322887,0.5074458,0,0,0,0,0,0
52000,260005,701.5858075098449,-67.16437671251663,-48.79730887001904,1,87.02844201040784,5,0,0,0,0,0,0.9669826890045317,2.4295865760577935,0.22190025,-0.25759724,0.5647767,0,1,0,0,0,0
53000,265005,631.4088052141842,-58.527432576605655,68.80953442373429,1,87.17131494733077,5,0,0,0,0,0,0.968570166081453,2.428362185234775,0.21336403,-0.23463352,0.57732415,0,1,0,0,0,0
54000,270005,571.8187016401225,-6.117017520515852,66.08374187515885,0.9861471714469506,87.46364601924402,55,0,0,0,0,0,0.9718182891027114,2.4595881480595936,-0.3107044,0.31203344,-0.53754413,0.30550843,0,1,0,0,0
55000,275005,569.3588076286396,47.15368539779585,60.566194172163385,0.9285356127082671,87.56488702944024,55,0,0,0,0,0,0.9729431892160026,2.428324013868958,-0.31070435,0.31203344,-0.53754413,0.3055084,0,1,0,0,0
56000,280005,632.4309414046638,76.25375766618623,167.3038686379452,0.8405165396194999,87.3873244795438,55,0,0,0,0,0,0.9709702719949311,2.4277480369396724,-0.31070435,0.31203344,-0.53754413,0.3055084,0,1,0,0,0
57000,285005,715.1867919004262,25.969220487670963,-176.9446508285185,0.9021183951742606,0,30,1,0,0,0,0,0.9688135932167039,2.409071147001055,-0.17749105,-0.49640727,0.669204,0,0,0,0,0,0
58000,290005,750.1603537450974,-25.197115237199874,175.70392027723412,0.9615776276952612,0,30,1,0,0,0,0,0.9666772100916714,2.456740167526401,-0.281647,-0.24003972,0.46172103,0,0,0,0,0,0
59000,295005,709.6693114020063,-75.03391089884137,173.28669029440292,1,87.12157312221768,5,0,0,0,0,0,0.9680174791357521,2.4402804340471542,0.2233387,-0.27381325,0.5673885,0,1,0,0,0,0
60000,300005,627.0973121341676,-49.225953793975684,-62.34851407257483,0.9982907354290423,86.7698041194221,5,0,0,0,0,0,0.9641089346602456,2.4772286287735636,0.18865135,-0.10602446,0.4948604,0,1,0,0,0,0
61000,305005,566.4034286804972,4.302807340299614,-82.48976055696895,0.9942253568617062,86.84174798582397,55,0,0,0,0,0,0.9649083109535997,2.467160870716231,-0.31070435,0.31203344,-0.53754413,0.3055084,0,1,0,0,0
62000,310005,577.7406537944125,58.209083269187715,-85.09560751963735,0.9235725845528876,86.82840549798661,55,0,0,0,0,0,0.96476006108874,2.4288026214540537,-0.31070435,0.31203344,-0.53754413,0.3055084,0,1,0,0,0
63000,315005,659.1006693168365,65.55124370339124,49.10170845532799,0.8401945791526593,0,30,1,0,0,0,2,0.9674900092409358,2.3952365367570763,-0.3910304,-0.4327924,0.51275647,0,0,0,0,0,0
64000,320005,746.7235958495576,13.800329156988685,34.95002257750985,0.9291524164425355,0,30,1,0,0,0,0,0.9660107543318294,2.3924721681242955,-0.09147745,-0.5356654,0.54854906,0,0,0,0,0,0
65000,325005,767.7505030583734,-37.755036667128245,28.119957571675688,0.9836380286165007,0,30,1,0,0,0,0,0.9657543081268525,2.4008947555007536,-0.11581975,-0.17750861,0.4708692,0,0,0,0,0,0
66000,330005,706.2785985708852,-82.03499964243953,86.8332714810023,0.9928290374276192,86.82218337281039,5,0,0,0,0,0,0.9646909263645598,2.3895656591806502,0.22356048,-0.27567115,0.567828,0,1,0,0,0,0
67000,335005,612.333833699091,-35.06088548525652,151.29434453469287,0.9878636017884495,87.00454429628634,55,0,0,0,0,0,0.966717158847626,2.389312083506526,-0.18002535,0.15664051,-0.29196188,0,0,1,0,0,0
68000,340005,560.60292676271,19.615467421992715,144.77220297401072,0.9531407960309999,86.59074579054794,55,0,0,0,0,0,0.9621193976727549,2.3550544403431033,-0.31070435,0.31203344,-0.53754413,0.3055084,0,1,0,0,0
69000,345005,597.6856240195011,73.35132981036638,139.70180543914358,0.8809935894874508,87.00860690137019,55,0,0,0,0,0,0.9667622989041132,2.3889263394750944,-0.31070435,0.31203344,-0.53754413,0.3055084,0,1,0,0,0
70000,350005,699.6217809579484,49.583282140383446,-92.52095084021708,0.8679554814290624,0,30,1,0,0,0,0,0.9690466211310322,2.349232182503009,-0.3358364,-0.3146886,0.72279966,0,0,0,0,0,0
71000,355005,781.7117480422121,-2.8218172516805695,-112.72330113121615,0.9638388495501041,0,30,1,0,0,0,0,0.9616335510078543,2.3442737110393717,-0.1450718,-0.31417298,0.5431496,0,0,0,0,0,0
72000,360005,775.2425446810203,-54.64009108634566,-116.75569336492161,0.9895103661211995,87.05244557289718,5,0,0,0,0,0,0.9672493952544132,2.3573599673797996,0.21140385,-0.22117652,0.57721883,0,1,0,0,0,0
73000,365005,687.1679036903151,-69.61607313876965,14.829225425704148,0.9959164235427799,87.26294240405394,5,0,0,0,0,0,0.9695882489339327,2.3763954598006163,0.22354147,-0.27550367,0.56780493,0,1,0,0,0,0
74000,370005,589.0154443287165,-15.925628649334291,4.596326933924587,1,87.4479594327989,55,0,0,0,0,0,0.9716439936977654,2.3215650821279517,-0.31069928,0.31202692,-0.53754807,0.30550358,0,1,0,0,0
75000,375005,562.36429025502,39.77417339763337,-1.4263439764003445,0.9523379907734549,87.50676874406517,55,0,0,0,0,1,0.9722974304896129,2.2872690577817756,-0.31070435,0.31203344,-0.53754413,0.3055084,0,1,0,0,0
76000,380005,636.5393916167131,79.89610267326236,105.24685718849803,0.8561344210878004,87.49573490998053,55,0,0,0,0,0,0.972174832333117,2.341399368645964,-0.31070435,0.31203344,-0.53754413,0.3055084,0,1,0,0,0
77000,385005,752.8697240199126,28.919762116910398,122.45023537987264,0.9199510573539785,0,30,1,0,0,0,0,0.9760253217430945,2.345177104659131,-0.1775922,-0.49620503,0.6692474,0,0,0,0,0,0
78000,390005,811.2672184906723,-23.766411728343048,115.42492779759625,0.9989900759319096,0,30,1,0,0,0,0,0.9725484173803215,2.3422295801775252,-0.25834545,-0.2141534,0.44996026,0,0,0,0,0,0
79000,395005,763.6047745064452,-74.98791377482394,113.31304396505695,0.99228670323528,87.41100417038547,5,0,0,0,0,0,0.9712333796709497,2.3096202373908032,0.22353864,-0.27549928,0.5676987,0,1,0,0,0,0
80000,400005,650.5500937989109,-47.531416364109205,-121.91589586229512,1,87.6821309566213,5,0,0,0,0,0,0.9742458995180144,2.331466127610815,0.20069213,-0.10357136,0.47189334,0,1,0,0,0,0
81000,405005,565.4967917374906,8.260140868083454,-126.94390542546437,0.9730051910073505,88.07715061944332,55,0,0,0,0,0,0.9786350068827034,2.299821579322471,-0.31070435,0.31203344,-0.53754413,0.3055084,0,1,0,0,0
82000,410005,584.7420344202428,64.35058300015295,-141.1841924558582,0.9015782245211844,87.8594412478686,55,0,0,0,0,0,0.9762160138652066,2.3161884854754113,-0.31070435,0.31203344,-0.53754413,0.3055084,0,1,0,0,0
83000,415005,699.1387255644713,57.44761097872721,-5.795497389477548,0.8769767700487281,0,30,1,0,0,0,3,0.9760757161150847,2.28491004981791,-0.35946974,-0.33573234,0.6919498,0,0,0,0,0,0
84000,420005,809.8370093265712,3.917006705873625,-23.69983567669295,0.9488917495389997,0,30,1,0,0,0,0,0.978431294387384,2.3025262841809138,-0.19592325,-0.46061438,0.39620999,0,0,0,0,0,0
85000,425005,820.9359985536385,-48.89536887450943,-28.89390143580594,1,0,5,1,0,0,0,0,0.9754690215785331,2.2827153967441545,-0.009282339,-0.086322,0.6594807,0,1,0,0,0,0
86000,430005,724.8571698196183,-74.11003504209842,97.37349800496263,1,87.72003388463582,5,0,0,0,0,0,0.9746670431626202,2.270514292976319,0.22355098,-0.2757062,0.5679403,0,1,0,0,0,0
87000,435005,602.2958514994907,-19.789511054817794,93.95548047287036,0.9941514896368618,88.1234489983122,55,0,0,0,0,0,0.97914943331458,2.307088690367013,-0.3106706,0.311999,-0.5375778,0.3054658,0,1,0,0,0
88000,440005,559.4196640339778,37.43272084279542,88.02308718114591,0.9417473509096512,87.7249078181095,55,0,0,0,0,0,0.9747211979789944,2.297362228309881,-0.31070435,0.31203344,-0.53754413,0.3055084,0,1,0,0,0
89000,445005,641.6480626020793,80.3348187031742,176.37490646315067,0.8579250831578757,87.73294022187903,55,0,0,0,0,0,0.974810446909767,2.2699097593857807,-0.31070435,0.31203344,-0.53754413,0.3055084,0,1,0,0,0
90000,450005,779.9743872758645,28.431015304686703,-147.51136227060164,0.9049165991031209,0,30,1,0,0,0,0,0.9790081908493221,2.2503012631150225,-0.17748608,-0.49641526,0.66920066,0,0,0,0,0,0
91000,455005,850.7639278183697,-25.201280428931675,-154.35323613463285,0.983183076365072,0,30,1,0,0,0,0,0.9786200710811458,2.2619946698492686,-0.1925023,-0.15780343,0.42414647,0,0,0,0,0,0
92000,460005,794.1841611723476,-76.92335864208667,-150.97241189468792,1,87.78887933016938,5,0,0,0,0,0,0.9754319925574376,2.2539762888319004,0.22356996,-0.27581388,0.56791055,0,1,0,0,0,0
93000,465005,659.4742830397136,-44.00270015487926,-30.953099669812726,1,87.52158428488644,5,0,0,0,0,0,0.9724620476098493,2.236904786334654,0.18389504,-0.098942176,0.48265794,0,1,0,0,0,0
94000,470005,562.5803749165134,13.358461562316416,-36.232289930825566,0.9932723251334448,87.456689017645,55,0,0,0,0,0,0.9717409890849446,2.242356550874945,-0.31070435,0.31203344,-0.53754413,0.3055084,0,1,0,0,0
95000,475005,595.4315556836063,70.5725205940813,-44.693295925417594,0.8940787231491901,86.98424069577639,55,0,0,0,0,0,0.9664915632864044,2.229712882474442,-0.31070435,0.31203344,-0.53754413,0.3055084,0,1,0,0,0
96000,480005,735.4999282171493,49.80062613631571,87.26617077713138,0.8717104906506838,0,30,1,0,0,0,0,0.9628215368637174,2.2545375495251596,-0.3414773,-0.3111965,0.7242854,0,0,0,0,0,0
97000,485005,855.1791067707109,-4.697475553259773,67.47495522623586,0.9470065814056777,0,30,1,0,0,0,0,0.9660138093436033,2.276888887038745,-0.1419785,-0.30454022,0.55272067,0,0,0,0,0,0
98000,490005,848.4792629127132,-58.20054936371676,64.93818048052752,0.9998602013705065,86.49803580267219,5,0,0,0,0,0,0.9610892866963577,2.2402658036839465,0.2232014,-0.27374887,0.56840146,0,1,0,0,0,0
99000,495005,723.1826196836591,-64.15392675866562,-160.0465972061536,0.9874606415616491,86.54932850597066,5,0,0,0,0,0,0.9616592056218962,2.218050717667522,0.22355586,-0.27564567,0.5677842,0,1,0,0,0,0
100000,500005,587.7314166523147,-7.31917034164417,-174.22605194525616,0.9967568599676186,87.09667197259581,55,0,0,0,0,0,0.9677407996955091,2.2265653527248332,-0.31070438,0.3120333,-0.53754395,0.30550835,0,1,0,0,0
101000,505005,567.1268564979828,51.42887254023395,-178.01174378025843,0.9341392172122277,86.60425604049114,55,0,0,0,0,0,0.9622695115610127,2.24858178062165,-0.31070435,0.31203344,-0.53754413,0.3055084,0,1,0,0,0
102000,510005,689.2845868877084,67.74574760426052,-58.33103403933218,0.8405907977885541,0,30,1,0,0,0,0,0.9636719097393137,2.2614149275727233,-0.38064176,-0.4283062,0.51103896,0,0,0,0,0,0
103000,515005,842.0627986152258,12.645011330957246,-55.00372275854285,0.9337697327085799,0,30,1,0,0,0,0,0.9631700833172863,2.2692298896931886,-0.102558486,-0.52772546,0.49601057,0,0,0,0,0,0
104000,520005,885.3844006676609,-41.59742761167879,-60.99507433661063,0.9841053397467929,0,5,1,0,0,0,0,0.961666678615679,2.237797204386816,0.003181558,-0.090462685,0.6470297,0,1,0,0,0,0
105000,525005,783.3211513911874,-79.02327051273411,35.188900904308234,1,86.67865270308157,5,0,0,0,0,0,0.9630961411453508,2.200106888033956,0.22356951,-0.2758309,0.5679765,0,1,0,0,0,0
106000,530005,625.4283068661161,-24.44744305817173,63.129178800041046,1,86.3781667977045,55,0,0,0,0,0,0.9597574088633832,2.187437365748732,-0.30230176,0.30384466,-0.54604053,0.2915627,0,1,0,0,0
107000,535005,556.0443262189356,34.928057699074145,42.42507396353987,0.930282547986021,86.22486821634882,55,0,0,0,0,0,0.9580540912927648,2.186157564225538,-0.31070435,0.31203344,-0.53754413,0.3055084,0,1,0,0,0
108000,540005,649.3174879455237,80.43207248704995,145.0008567643143,0.8529450807815692,86.2692475853504,55,0,0,0,0,0,0.9585471953927822,2.1582986223941676,-0.31070435,0.31203344,-0.53754413,0.3055084,0,1,0,0,0
109000,545005,820.326086956864,26.870758704353538,-177.29872419443865,0.9305530727800124,0,30,1,0,0,0,0,0.9604060518895354,2.184720967098371,-0.17709969,-0.49661028,0.66867304,0,0,0,0,0,0
110000,550005,907.6634663479299,-28.08121332015667,161.0896713446961,1,0,30,1,0,0,0,0,0.9605666331091025,2.24058842165263,-0.13968325,-0.1989427,0.4739221,0,0,0,0,0,0
111000,555005,834.6692426611116,-79.90622883244652,-165.75236576053365,1,86.48726988565492,5,0,0,0,0,0,0.9609696653961659,2.2156907406208926,0.22357011,-0.275834,0.56797564,0,1,0,0,0,0
112000,560005,666.9468944330156,-38.04154477898863,-59.54649190913108,0.9946067444072495,86.17269559814801,30,0,0,0,0,0,0.9574743955349778,2.232086978582536,0.20351093,-0.06231668,0.4126117,0,0,0,0,0,0
113000,565005,557.5771056248259,21.63503330433803,-80.02169164589473,0.973504399358943,86.11948124860172,55,0,0,0,0,0,0.9568831249844635,2.2617182726533587,-0.31070435,0.31203344,-0.53754413,0.3055084,0,1,0,0,0
114000,570005,618.9957327095753,79.20441133711269,-50.42292678419256,0.8708672060718504,86.33043051913745,55,0,0,0,0,0,0.9592270057681939,2.2753201364473097,-0.31070435,0.31203344,-0.53754413,0.3055084,0,1,0,0,0
115000,575005,797.5055082339877,38.002957171318904,45.41279890541552,0.887979106354697,0,30,1,0,0,0,0,0.9556423404521718,2.3213601020296473,-0.1791821,-0.49292374,0.6698619,0,0,0,0,0,0
116000,580005,920.2668311863536,-17.658160224012317,39.342593521198204,0.9739221555702882,0,30,1,0,0,0,0,0.9531608503365958,2.3638171396996257,-0.2329328,-0.186262,0.43772998,0,0,0,0,0,0
117000,585005,876.033374513283,-71.7290506534674,47.13149830051198,1,86.11300756769253,5,0,0,0,0,0,0.9568111951965836,2.3234355608685187,0.22356993,-0.27583256,0.5679773,0,1,0,0,0,0
118000,590005,705.9601176182841,-48.20452387001955,162.64507694435198,1,86.03735268786959,5,0,0,0,0,0,0.9559705854207732,2.276621791455979,0.21952239,-0.26237932,0.58078486,0,1,0,0,0,0
119000,595005,565.944168347316,11.646936771975296,158.42974641366143,0.9799563994773136,85.8070276396942,55,0,0,0,0,0,0.9534114182188244,2.2475710058164844,-0.31070435,0.31203344,-0.53754413,0.3055084,0,1,0,0,0
120000,600005,598.4793170459088,71.71646187792685,152.08305674758014,0.8893708979158458,85.7135944217093,55,0,0,0,0,0,0.9523732713523255,2.280008080151639,-0.31070435,0.31203344,-0.53754413,0.3055084,0,1,0,0,0
121000,605005,779.0532749688518,46.04122261589662,-76.69636243763057,0.8744203862888634,0,30,1,0,0,0,0,0.9548525845746445,2.3428752469689065,-0.23090167,-0.38798732,0.68974006,0,0,0,0,0,0
122000,610005,928.850354541788,-10.291672503414302,-81.77207778223938,0.9515886134888668,0,30,1,0,0,0,0,0.9538634973696227,2.345744648321143,-0.30036393,-0.26879528,0.47702453,0,0,0,0,0,0
123000,615005,908.5006730839868,-65.14993154781908,-95.46951141599874,1,85.96441088660809,5,0,0,0,0,0,0.9551601209623121,2.3292382730142607,0.22356945,-0.27582943,0.56798327,0,1,0,0,0,0
124000,620005,738.460990108153,-55.04290760679753,40.0484362210557,1,86.32410547087363,5,0,0,0,0,0,0.9591567274541515,2.306633153337653,0.22347853,-0.27535716,0.5684007,0,1,0,0,0,0
125000,625005,575.7879312678215,4.999323500124094,22.419025846162114,0.9896804876186838,86.26496766824448,55,0,0,0,0,0,0.958499640758272,2.284602491752927,-0.31070435,0.31203344,-0.53754413,0.3055084,0,1,0,0,0
126000,630005,586.397230384794,66.2404950907074,25.498338872707194,0.9104212504480632,86.68205449988685,55,0,0,0,0,2,0.9631339388876315,2.2842266114134633,-0.31070435,0.31203344,-0.53754413,0.3055084,0,1,0,0,0
127000,635005,768.4242023117804,50.963303328904914,161.66576148426117,0.8858024046775087,0,30,1,0,0,0,0,0.9717759659459179,2.3020625723348935,-0.27669522,-0.35403094,0.7042971,0,0,0,0,0,0
128000,640005,937.9246585514975,-5.970632522583067,142.55400861077703,0.9669430047658751,0,30,1,0,0,0,0,0.9683605266621046,2.3306054643612524,-0.19450144,-0.29267007,0.5279838,0,0,0,0,0,0
129000,645005,933.6960378990116,-61.346138868986834,141.76050097919037,1,87.30008672251533,5,0,0,0,0,0,0.9700009635835036,2.3382712619786994,0.22356719,-0.27581814,0.5679893,0,1,0,0,0,0
130000,650005,761.9654483520944,-58.67304455110648,-81.75057012025725,1,87.74415194328455,5,0,0,0,0,0,0.9749350215920506,2.317742726642674,0.22355685,-0.27574605,0.5679758,0,1,0,0,0,0
131000,655005,582.9696559367467,1.689413692222938,-98.0611522217818,0.9992905852071143,87.42123741205464,55,0,0,0,0,0,0.9713470823561626,2.310470595748809,-0.31070435,0.31203344,-0.53754413,0.3055084,0,1,0,0,0
132000,660005,581.1226545348445,63.76384167728986,-96.55237562845156,0.9102647637141308,87.22504144782677,55,0,0,0,0,0,0.9691671271980752,2.31684980701191,-0.31070435,0.31203344,-0.53754413,0.3055084,0,1,0,0,0
133000,665005,767.9032698221163,52.768182843727416,25.91461425124488,0.8761804528115213,0,30,1,0,0,0,3,0.9675318748217634,2.3176076504688106,-0.33862302,-0.31284052,0.7236707,0,0,0,0,0,0
134000,670005,950.7797629724155,-4.683503228329375,22.360614632819157,0.9376728452432621,0,30,1,0,0,0,0,0.9657101023022302,2.3539076752654786,-0.18786673,-0.29412243,0.53114676,0,0,0,0,0,0
135000,675005,952.9241480181363,-60.458572623894156,21.223076680474417,1,87.3321005760831,5,0,0,0,0,0,0.9703566730675901,2.375575926109455,0.22356877,-0.27582607,0.56798226,0,1,0,0,0,0
136000,680005,774.7994245559594,-59.18881205733199,142.89275612445837,0.995040000999401,87.33887803362565,5,0,0,0,0,0,0.9704319781513961,2.312781561496938,0.22355464,-0.27575994,0.5680405,0,1,0,0,0,0
137000,685005,584.7933430537714,1.7199863882940212,141.9328820407836,1,87.59539675131582,55,0,0,0,0,0,0.9732821861257314,2.281089380272617,-0.31070435,0.31203344,-0.53754413,0.3055084,0,1,0,0,0
138000,690005,581.9208760709716,64.46206896213887,128.96781168121296,0.9176685700402716,88.19280093956719,55,0,0,0,0,0,0.9799200104396355,2.306518469830762,-0.31070435,0.31203344,-0.53754413,0.3055084,0,1,0,0,0
139000,695005,779.0545640730461,51.46388304965538,-93.61343366447177,0.8546493887917657,0,30,1,0,0,0,0,0.9798904888903768,2.269810361414151,-0.28281456,-0.349949,0.7062182,0,0,0,0,0,0
140000,700005,969.1154353490738,-6.406712910296016,-97.40199111773774,0.9676978062737321,0,30,1,0,0,0,0,0.9792323541999557,2.2499042749816383,-0.26496753,-0.27718794,0.49436024,0,0,0,0,0,0
141000,705005,966.2313643274083,-62.47474185472227,-112.50110481769157,0.999582835892438,88.39334238945342,5,0,0,0,0,0,0.9821482487717047,2.2857293842197093,0.22356957,-0.2758316,0.5679793,0,1,0,0,0,0
142000,710005,775.5361842291077,-56.62720527522136,24.187194155496066,1,88.3510952411683,5,0,0,0,0,0,0.981678836012981,2.3239046768000167,0.22354719,-0.2757069,0.5680307,0,1,0,0,0,0
143000,715005,580.182298061628,5.095056980834355,7.363026050159695,0.9987385363066761,88.50653699635444,55,0,0,0,0,0,0.9834059666261604,2.3159017923834346,-0.31070435,0.31203344,-0.53754413,0.3055084,0,1,0,0,0
144000,720005,589.6896378569008,68.30862569079724,12.62123965117055,0.8908270061015345,89.02597436016111,55,0,0,0,0,3,0.989177492890679,2.329571629130654,-0.31070435,0.31203344,-0.53754413,0.3055084,0,1,0,0,0
145000,725005,803.3141895841045,47.05462355295401,147.85694152985585,0.8987750342082792,0,30,1,0,0,0,0,0.9850132498260931,2.3567762159831025,-0.23222174,-0.3860498,0.69020915,0,0,0,0,0,0
146000,730005,992.9442807098394,-11.107463580035128,128.23267655713116,0.9795848439283852,0,30,1,0,0,0,0,0.9887469750859448,2.3181435342385557,-0.299427,-0.26022804,0.4711056,0,0,0,0,0,0
147000,735005,972.0624711798382,-67.30903888714998,131.5699761275995,1,89.1850262904013,5,0,0,0,0,0,0.9909447365600145,2.3074522619560693,0.22357014,-0.2758339,0.567977,0,1,0,0,0,0
148000,740005,762.689672109329,-50.9333218379857,-93.46121813068575,1,89.06117347068333,5,0,0,0,0,0,0.9895685941187037,2.3341590665637395,0.22349134,-0.27532905,0.56814194,0,1,0,0,0,0
149000,745005,570.047709637649,11.83631806615244,-111.66432213063604,0.9883579230048753,89.12610386927814,55,0,0,0,0,0,0.9902900429919793,2.355782104606567,-0.31070435,0.31203344,-0.53754413,0.3055084,0,1,0,0,0
150000,750005,607.1825875319,74.94677201518186,-96.34330611067068,0.9008503470186255,89.15030196324116,55,0,0,0,0,0,0.9905589107026797,2.4079629801130653,-0.31070435,0.31203344,-0.53754413,0.3055084,0,1,0,0,0
151000,755005,841.5806444036234,39.572525993985614,14.834771133526253,0.9054259310015985,0,30,1,0,0,0,1,0.9850335072864362,2.3788936010957964,-0.18555681,-0.47976625,0.6723235,0,0,0,0,0,0
152000,760005,1019.9291012384356,-18.722969322504373,9.389227774430132,0.9819646394440563,0,30,1,0,0,0,0,0.9859889009978583,2.423538747732024,-0.1846149,-0.16719286,0.43848655,0,0,0,0,0,0
153000,765005,967.0537052363707,-74.59876177907873,22.838129521141543,0.9902079353752092,88.68991215182002,5,0,0,0,0,0,0.9854434683535559,2.4217602101986455,0.22357029,-0.2758344,0.567977,0,1,0,0,0,0
154000,770005,735.2699613179802,-42.0280933907494,134.20588102194455,1,88.33550630110645,5,0,0,0,0,0,0.9815056255678494,2.449992711055151,0.19398822,-0.19715407,0.6020389,0,1,0,0,0,0
155000,775005,557.8850452973011,21.949952108274978,129.90942663033474,0.9816238808510729,88.28122621478892,55,0,0,0,0,0,0.9809025134976546,2.443137528483732,-0.31070435,0.31203344,-0.53754413,0.3055084,0,1,0,0,0
156000,780005,638.930897452542,81.63729072112152,172.90104083529383,0.8802593501289352,88.17290977834875,55,0,0,0,0,0,0.9796989975372083,2.4395554850405423,-0.31070435,0.31203344,-0.53754413,0.3055084,0,1,0,0,0
157000,785005,893.7112095341499,29.096972293680533,-102.96864853137419,0.911488536394344,0,30,1,0,0,0,0,0.9752267243170782,2.4336487143129766,-0.17654209,-0.4968649,0.6678953,0,0,0,0,0,0
158000,790005,1045.6464307732558,-29.18500859549197,-108.81758088665049,0.9790001387979859,0,5,1,0,0,0,0,0.9764608963589367,2.4191397443392915,0.058116943,-0.086269386,0.59501606,0,1,0,0,0,0
159000,795005,946.6230778997342,-81.6331286304285,-67.00412524713447,0.9882527225413432,87.95694314850738,5,0,0,0,0,0,0.9772993683167486,2.3697523218361405,0.22357032,-0.27583438,0.5679771,0,1,0,0,0,0
160000,800005,693.6484083617634,-29.783599808466423,16.89106490179911,1,87.91143671986265,55,0,0,0,0,0,0.9767937413318072,2.3770632116536676,-0.17884752,0.16150336,-0.29783252,0,0,1,0,0,0
161000,805005,550.5653015637463,35.44878561138237,-2.6004370871085367,0.9504054522808358,88.32932732336425,55,0,0,0,0,1,0.9814369702596027,2.355526817784046,-0.31070435,0.31203344,-0.53754413,0.3055084,0,1,0,0,0
162000,810005,690.383367549909,75.55906257739515,122.8190510482894,0.8672147658101759,88.04783495540833,55,0,0,0,0,0,0.9783092772823148,2.397077826555532,-0.31070435,0.31203344,-0.53754413,0.3055084,0,1,0,0,0
163000,815005,956.934494793416,15.727917571282713,139.26822566103885,0.9274112008995391,0,30,1,0,0,0,0,0.9791743967651528,2.437914159011713,-0.09732216,-0.53068924,0.5021188,0,0,0,0,0,0
164000,820005,1062.3163545062162,-42.437921053622574,119.0696539529499,1,0,5,1,0,0,0,0,0.9789073562947421,2.41279367967062,-0.047824796,-0.06387397,0.71358126,0,1,0,0,0,0
165000,825005,905.4402882685181,-75.236967718345,-116.35462354639692,0.993526159562748,87.60346320307194,5,0,0,0,0,0,0.973371813367466,2.445163700511511,0.22357029,-0.27583438,0.567977,0,1,0,0,0,0
166000,830005,641.5587238059552,-14.051898166514253,-100.48337340088702,0.996554921327498,87.31912983051025,55,0,0,0,0,0,0.970212553672336,2.4527898273351485,-0.31069818,0.31202644,-0.5375502,0.3055026,0,1,0,0,0
167000,835005,558.8773172095753,52.23294060916785,-117.80416287412352,0.9309760102307552,87.15474237758443,55,0,0,0,0,0,0.9683860264176047,2.4384782666262157,-0.31070435,0.31203344,-0.53754413,0.3055084,0,1,0,0,0
168000,840005,765.7339131499002,60.02914786865625,22.164220449699226,0.8431831637533446,0,30,1,0,0,0,3,0.9658151124212516,2.4119724253756547,-0.3622083,-0.3399358,0.68667054,0,0,0,0,0,0
169000,845005,1024.015297054757,-0.4120799684333731,6.581094810035184,0.951074230957468,0,30,1,0,0,0,0,0.9687082546954844,2.362836772327111,-0.14694655,-0.3030957,0.55063426,0,0,0,0,0,0
170000,850005,1059.2879519502594,-58.379217143824405,5.000065630083842,1,87.12460102351471,5,0,0,0,0,0,0.9680511224834968,2.3487034223486645,0.22356993,-0.27583325,0.56797814,0,1,0,0,0,0
171000,855005,839.7450249748035,-59.02854046674221,142.71954859340482,1,86.9326654998203,5,0,0,0,0,0,0.9659185055535588,2.4202903880128313,0.22356322,-0.27579883,0.56801754,0,1,0,0,0,0
172000,860005,588.7394624940152,5.294031806234097,127.27611102940531,0.994940419982221,86.958311366736,55,0,0,0,0,0,0.9662034596304,2.3912353045284376,-0.31070435,0.31203344,-0.53754413,0.3055084,0,1,0,0,0
173000,865005,596.3225161270411,71.58928343761231,137.05895388032306,0.901209477212648,86.72920024880538,55,0,0,0,0,0,0.963657780542282,2.43359722640287,-0.31070435,0.31203344,-0.53754413,0.3055084,0,1,0,0,0
174000,870005,863.8838008089815,40.79819998606517,-105.62074584063745,0.8847541610064057,0,30,1,0,0,0,0,0.9689203643738795,2.3993006200740137,-0.18975307,-0.47110707,0.6739438,0,0,0,0,0,0
175000,875005,1081.983614525121,-19.186248660111435,-110.62996669614618,0.9690698610297895,0,30,1,0,0,0,0,0.9676592567189163,2.3784697393859013,-0.17831548,-0.17990552,0.4557541,0,0,0,0,0,0
176000,880005,1024.8801568821582,-76.10407076193474,-92.99736167824254,1,86.92442804257298,5,0,0,0,0,0,0.965826978250811,2.345091842486817,0.22357029,-0.27583444,0.5679772,0,1,0,0,0,0
177000,885005,751.4234626158104,-38.36254820374653,14.959148490794066,0.9919037807168641,86.78123140817652,5,0,0,0,0,0,0.9642359045352947,2.3561635533842717,0.20065655,-0.18054105,0.58732384,0,1,0,0,0,0
178000,890005,553.0833694696448,28.2682604859017,10.929116126597423,0.9601041652825907,86.98155207127505,55,0,0,0,0,0,0.9664616896808339,2.3866848138964647,-0.31070435,0.31203344,-0.53754413,0.3055084,0,1,0,0,0
179000,895005,674.7881642690409,79.29737557428821,106.97258788887724,0.8481752521020484,86.97776428628656,55,0,0,0,0,0,0.9664196031809618,2.4051869015221117,-0.31070435,0.31203344,-0.53754413,0.3055084,0,1,0,0,0
180000,900005,974.883555532736,18.834004589854928,138.66834077402822,0.9222530884332334,0,30,1,0,0,0,0,0.9586145901723357,2.3873232229420704,-0.14599001,-0.50316525,0.44609788,0,0,0,0,0,0
181000,905005,1112.328447753849,-40.51054221624149,133.5471573061935,1,0,5,1,0,0,0,0,0.9580197242321794,2.383286589056803,0.047703385,-0.08411016,0.70965904,0,1,0,0,0,0
182000,910005,949.7250272191859,-76.0398594818206,-118.8915290030417,1,86.30439826924253,5,0,0,0,0,0,0.9589377585471393,2.4133765516780468,0.22357029,-0.27583447,0.5679772,0,1,0,0,0,0
183000,915005,653.0309526104375,-13.670600394096573,-100.53444417440267,0.9909781278959975,86.29197566763962,55,0,0,0,0,0,0.9587997296404401,2.4034722129527024,-0.31046006,0.31181315,-0.5378388,0.30522132,0,1,0,0,0
184000,920005,559.4280279545992,54.49945315938143,-101.88148766607885,0.9266021567012406,86.56962259233195,55,0,0,0,0,0,0.961884695470355,2.403624705028234,-0.31070435,0.31203344,-0.53754413,0.3055084,0,1,0,0,0
185000,925005,796.1568746367411,56.13463614152506,24.066620134159713,0.882646722888807,0,30,1,0,0,0,3,0.9630149965927143,2.409766786089795,-0.33937946,-0.3123643,0.7238792,0,0,0,0,0,0
186000,930005,1077.2181212566156,-5.448171387717963,22.248345916135964,0.9741394058689401,0,30,1,0,0,0,0,0.959665983825231,2.4234030453742577,-0.30329266,-0.2661217,0.47434416,0,0,0,0,0,0
187000,935005,1094.841028665005,-64.14300166407037,8.718169759029987,1,86.62756804874681,5,0,0,0,0,0,0.9625285338749645,2.398039393292104,0.22357029,-0.27583444,0.5679772,0,1,0,0,0,0
188000,940005,834.2281280832676,-51.68559992753008,145.9388412961392,1,86.35811006380666,5,0,0,0,0,0,0.9595345562645186,2.4147453832939485,0.22355312,-0.27574757,0.56812334,0,1,0,0,0,0
189000,945005,572.4519577774563,14.995133228209207,143.66459418115682,0.9765712183092691,86.56958543588078,55,0,0,0,0,0,0.9618842826208975,2.421123382011672,-0.31070435,0.31203344,-0.53754413,0.3055084,0,1,0,0,0
190000,950005,630.9206976138958,80.46026777570735,170.45657734324882,0.8840087540369878,86.10779397294553,55,0,0,0,0,0,0.9567532663660615,2.431138028955149,-0.31070435,0.31203344,-0.53754413,0.3055084,0,1,0,0,0
191000,955005,945.1938216756471,28.571916770413203,-88.06962343241815,0.9223346203625511,0,30,1,0,0,0,0,0.9584693493216528,2.4599872900918758,-0.15465683,-0.506855,0.63736606,0,0,0,0,0,0
192000,960005,1141.292939136706,-31.91323654389103,-108.4453146094992,0.9907753769847776,0,5,1,0,0,0,0,0.9605719407494104,2.4676443741023193,-0.046667542,-0.068066955,0.7088588,0,1,0,0,0,0
193000,965005,1014.4813916872308,-81.30041246369852,-19.07905673431541,1,87.03001045244591,5,0,0,0,0,0,0.9670001161382878,2.4570236968151975,0.22357023,-0.27583444,0.5679773,0,1,0,0,0,0
194000,970005,696.5786025305688,-21.913792721269672,33.09738072576507,1,87.2336076399776,55,0,0,0,0,0,0.9692623071108624,2.450346673203517,-0.19471855,0.21719354,-0.64460063,0.08262971,0,1,0,0,0
195000,975005,550.7185939769033,47.282475414483535,15.383447385581725,0.9463921573751962,87.55339486432091,55,0,0,0,0,1,0.9728154984924545,2.466780048616648,-0.31070435,0.31203344,-0.53754413,0.3055084,0,1,0,0,0
196000,980005,773.1180882206063,61.66341566697458,155.88031833415286,0.8729035794332176,0,30,1,0,0,0,0,0.9687690173941212,2.4123106412446034,-0.3432401,-0.3112368,0.72356784,0,0,0,0,0,0
197000,985005,1086.4648012703974,-1.0289891956947028,141.52173341896278,0.9626359630860625,0,30,1,0,0,0,0,0.9698890439215293,2.382477409127154,-0.25123617,-0.28021705,0.500933,0,0,0,0,0,0
198000,990005,1134.918555075873,-60.52095300371694,141.1853987053681,1,87.14411435531646,5,0,0,0,0,0,0.968267937281294,2.378614052811016,0.2235702,-0.27583438,0.56797725,0,1,0,0,0,0
199000,995005,871.6665471088263,-54.96651255811201,-80.49507394234087,0.9874007576074884,86.78242017516637,5,0,0,0,0,0,0.9642491130574041,2.3173643086505336,0.22356972,-0.275832,0.5679804,0,1,0,0,0,0
200000,1000005,580.8026307601867,12.413546807075166,-96.81368332820797,0.9677144054605676,86.75613425163374,55,0,0,0,0,0,0.9639570472403749,2.272784421832345,-0.31070435,0.31203344,-0.53754413,0.3055084,0,1,0,0,0
201000,1005005,626.0247398984648,79.71101654964384,-60.8748136298744,0.889841107130783,86.50462377273978,55,0,0,0,0,0,0.9611624863637753,2.2353962429668313,-0.31070435,0.31203344,-0.53754413,0.3055084,0,1,0,0,0
202000,1010005,958.4793277697745,28.74012925678206,46.83775051970823,0.908283152457118,0,30,1,0,0,0,0,0.9592847232892844,2.27532821482198,-0.14283174,-0.5122521,0.6208558,0,0,0,0,0,0
203000,1015005,1171.0060217462624,-32.449371677879455,26.628867134932406,0.9914578896556403,0,5,1,0,0,0,0,0.9584200468808176,2.1862107224765603,-0.03314645,-0.06614723,0.7171244,0,1,0,0,0,0
204000,1020005,1036.813861609884,-80.82541892668273,122.79638206256746,1,86.74692077490754,5,0,0,0,0,0,0.9638546752767504,2.190222232076241,0.22357023,-0.27583444,0.5679773,0,1,0,0,0,0
205000,1025005,697.9788930966142,-19.804049886314534,153.34824817115,0.9925266517561542,86.81225251982492,55,0,0,0,0,0,0.9645805835536103,2.1748386317022903,-0.24695519,0.2502403,-0.59913355,0.19501466,0,1,0,0,0
206000,1030005,552.1368888150546,50.61583242842187,151.4945812324324,0.9425053017293915,86.66366019301175,55,0,0,0,0,0,0.9629295577001306,2.1768948910147623,-0.31070435,0.31203344,-0.53754413,0.3055084,0,1,0,0,0
207000,1035005,801.6105438946615,57.46346173284514,-66.75746639298094,0.8934194682083859,0,30,1,0,0,0,0,0.968593503952178,2.144083281818481,-0.33050475,-0.31820807,0.72115964,0,0,0,0,0,0
208000,1040005,1126.4704378664883,-5.842076950894907,-82.8279293282109,0.97621931918889,0,30,1,0,0,0,0,0.9667606942722882,2.150979839404958,-0.29425448,-0.25424683,0.46952647,0,0,0,0,0,0
209000,1045005,1152.5312115902225,-65.66095210390382,-79.99497460190047,0.9925988778441067,87.37578456098424,5,0,0,0,0,0,0.9708420506776028,2.1270349256743644,0.22357026,-0.2758345,0.5679773,0,1,0,0,0,0
210000,1050005,855.7012458692307,-48.593603098932164,41.8499349856834,1,87.43651316792116,5,0,0,0,0,0,0.9715168129769018,2.1135744301547534,0.2235581,-0.27578014,0.56807864,0,1,0,0,0,0
211000,1055005,566.4475018111752,20.479258587935732,39.41495397713592,0.9657289314527041,87.32823363740212,55,0,0,0,0,0,0.9703137070822457,2.100315422151082,-0.31070435,0.31203344,-0.53754413,0.3055084,0,1,0,0,0
212000,1060005,661.6637288743932,81.22261184385981,131.53291003586367,0.8785553869148819,87.65383451902126,55,0,0,0,0,0,0.9739314946557918,2.0743512711205883,-0.31070435,0.31203344,-0.53754413,0.3055084,0,1,0,0,0
213000,1065005,1022.7878373486556,19.461203623440156,168.35653397125714,0.9505127484106385,0,30,1,0,0,0,0,0.9781496935380554,2.0417234310312096,-0.18590002,-0.47998828,0.40073016,0,0,0,0,0,0
214000,1070005,1203.2527905367542,-41.88924035360837,163.77485180311749,1,87.93655341832671,5,0,0,0,0,0,0.9770728157591857,2.055870967922788,0.22356841,-0.27582732,0.5679908,0,1,0,0,0,0
215000,1075005,1010.3098386733382,-73.18391685451361,-82.40294386156583,1,88.12938924307794,5,0,0,0,0,0,0.9792154360341992,2.128866061674728,0.22357023,-0.27583447,0.5679773,0,1,0,0,0,0
216000,1080005,652.8052359906078,-7.341217691927248,-69.78807118019456,0.9971044104533701,87.92096763738229,55,0,0,0,0,0,0.9768996404153588,2.168175135651035,-0.31070384,0.31203234,-0.53754413,0.30550817,0,1,0,0,0
217000,1085005,572.284759882511,64.29137118676132,-66.17010180326173,0.9170562044737747,87.65130408510882,55,0,0,0,0,0,0.9739033787234312,2.184581954443847,-0.31070435,0.31203344,-0.53754413,0.3055084,0,1,0,0,0
218000,1090005,890.0426118344303,43.57486406795254,58.32449027163202,0.8791771485032013,0,30,1,0,0,0,0,0.970743862304815,2.2378011696840234,-0.18753089,-0.4756924,0.6730858,0,0,0,0,0,0
219000,1095005,1191.677046016519,-19.600035258591568,54.23431481686918,0.9804366311669334,0,30,1,0,0,0,0,0.9744745468326571,2.2279657818704903,-0.013294887,-0.16103625,0.5699867,0,0,0,0,0,0
220000,1100005,1133.3210945861883,-78.22185067949249,80.4194449594664,1,87.89751626666062,5,0,0,0,0,0,0.9766390696295624,2.201850173473033,0.22357023,-0.27583444,0.5679773,0,1,0,0,0,0
221000,1105005,779.9172031025182,-32.24447348746962,-179.005400105989,0.9872171181453127,87.65660558612929,30,0,0,0,0,0,0.9739622842903254,2.198680435378624,0.27807924,-0.24211548,0.56397766,0,0,0,0,0,0
222000,1110005,547.0453339475425,39.25811932774002,178.0787277168963,0.9553659307256026,87.46928525748393,55,0,0,0,0,0,0.971880947305377,2.1609745004593472,-0.31070435,0.31203344,-0.53754413,0.3055084,0,1,0,0,0
223000,1115005,758.0904235781863,66.14406097575034,-57.9524231682305,0.8848288385487129,0,30,1,0,0,0,0,0.976713299887007,2.155394551427117,-0.37888986,-0.36751032,0.64943606,0,0,0,0,0,0
224000,1120005,1131.146465018659,1.1520604664499394,-53.92824803931349,0.9546441751696562,0,30,1,0,0,0,0,0.9762729462855346,2.141037190259295,-0.21417318,-0.2883525,0.5186188,0,0,0,0,0,0
225000,1125005,1212.315342924433,-59.878700011896285,-54.23769209929996,1,87.96498668244494,5,0,0,0,0,0,0.9773887409160549,2.1111896484174455,0.22357026,-0.27583447,0.5679772,0,1,0,0,0,0
226000,1130005,917.1772908313988,-54.053689517855695,69.65016725230859,1,88.22951175098692,5,0,0,0,0,0,0.9803279083442991,2.0997207298265113,0.22356933,-0.27583113,0.5679827,0,1,0,0,0,0
227000,1135005,580.2374547408881,15.905723955771126,68.60422086789379,0.9871151477103478,88.82860842608808,55,0,0,0,0,0,0.9869845380676454,2.090840371515653,-0.31070435,0.31203344,-0.53754413,0.3055084,0,1,0,0,0
228000,1140005,650.4261891215583,81.71685417912,128.37200809271516,0.8689553400922528,88.45632369770355,55,0,0,0,0,0,0.982848041085595,2.082401992378333,-0.31070435,0.31203344,-0.53754413,0.3055084,0,1,0,0,0
229000,1145005,1039.903271855348,20.456505406836055,-161.90499642456547,0.9302183387271028,0,30,1,0,0,0,0,0.9873757265539777,2.15027921823073,-0.16462904,-0.49249578,0.42482617,0,0,0,0,0,0
230000,1150005,1246.7891320704211,-41.89618347019879,-166.27901982312886,0.9758028859309124,88.77437651925848,5,0,0,0,0,0,0.9863819613250943,2.1692576021727827,0.22356957,-0.2758324,0.56797916,0,1,0,0,0,0
231000,1155005,1042.7289330628428,-72.38936933911981,-51.116925661725325,0.9928516516602511,88.02321525839693,5,0,0,0,0,0,0.9780357250932993,2.1673788317804985,0.22357023,-0.2758345,0.5679772,0,1,0,0,0,0
232000,1160005,654.7333984423376,-5.069623387266792,-39.54385390432485,0.979076968824064,87.765661832772,55,0,0,0,0,0,0.9751740203641334,2.1712864077526133,-0.31070432,0.3120333,-0.537544,0.30550832,0,1,0,0,0
233000,1165005,579.8591563152431,68.13344810565533,-47.55406991992239,0.8962932413691169,88.04825273654487,55,0,0,0,0,0,0.9783139192949429,2.202692585214096,-0.31070435,0.31203344,-0.53754413,0.3055084,0,1,0,0,0
234000,1170005,936.1317955522381,38.31260777461924,89.56326216798978,0.9094988336413209,0,30,1,0,0,0,0,0.9807126062636188,2.2327375797588185,-0.17756404,-0.49626273,0.6692362,0,0,0,0,0,0
235000,1175005,1243.5885816216587,-25.556843029880497,85.18049916392035,1,0,5,1,0,0,0,0,0.9818252024978329,2.2128710537895393,-0.007233005,-0.07439833,0.6672977,0,1,0,0,0,0
236000,1180005,1144.9335062921527,-81.5858916264045,131.41003269899855,0.9950109904261528,88.04505990196579,5,0,0,0,0,0,0.9782784433551753,2.170005650395558,0.22357023,-0.27583447,0.5679773,0,1,0,0,0,0
237000,1185005,750.9310223384127,-23.472304820398005,-147.46691180408715,1,88.04397267563769,55,0,0,0,0,0,0.9782663630626409,2.163024247530019,-0.17162219,0.18623017,-0.5886155,0,0,1,0,0,0
238000,1190005,548.6480623976977,50.159275926860744,-148.7611272986038,0.9385050556988891,88.39914621004651,55,0,0,0,0,0,0.9822127356671835,2.196126876410614,-0.31070435,0.31203344,-0.53754413,0.3055084,0,1,0,0,0
239000,1195005,834.9396709913281,54.58435385152709,-20.69800665786287,0.8815937872381192,0,30,1,0,0,0,1,0.9860076394303271,2.184929759983411,-0.3399251,-0.3120134,0.7240384,0,0,0,0,0,0
240000,1200005,1212.7843870638035,-10.885229835649186,-22.241522524865292,0.9782112581270238,0,30,1,0,0,0,0,0.9881373568164462,2.154751302645415,-0.19452931,-0.14928128,0.43605113,0,0,0,0,0,0
241000,1205005,1220.2930450838594,-71.86303100349114,-27.41758711650251,1,89.40181397049787,5,0,0,0,0,0,0.9933534885610874,2.168321457830656,0.22357023,-0.27583447,0.5679773,0,1,0,0,0,0
242000,1210005,852.4633634011161,-39.30599326315923,104.26519835884592,1,89.1542462298797,5,0,0,0,0,0,0.9906027358875522,2.1763569280055135,0.21992901,-0.26191413,0.5825522,0,1,0,0,0,0
243000,1215005,551.1069284008781,33.74293339880865,101.73682206031597,0.9578020589303554,89.00531861973764,55,0,0,0,0,0,0.9889479846637514,2.169491477715397,-0.31070435,0.31203344,-0.53754413,0.3055084,0,1,0,0,0
244000,1220005,746.9057312803761,68.88443231435345,-136.11686374125696,0.8496334883424126,0,30,1,0,0,0,0,0.9916751210350483,2.159990098894838,-0.32963213,-0.419307,0.48386088,0,0,0,0,0,0
245000,1225005,1165.4420695941035,2.125357163633661,-129.19416722208615,0.9597164083119609,0,30,1,0,0,0,0,0.9895260415302357,2.1334342717005073,-0.14926654,-0.3025812,0.54953504,0,0,0,0,0,0
246000,1230005,1270.7081912228268,-60.061876423143964,-144.21301378652805,1,88.77596050658336,5,0,0,0,0,0,0.9863995611842595,2.111876854126422,0.22357017,-0.27583447,0.5679772,0,1,0,0,0,0
247000,1235005,948.0957769913375,-52.628383258651446,-4.938580034461367,0.9913811790578533,88.51776145436538,5,0,0,0,0,0,0.983530682826282,2.1516204708537274,0.22356886,-0.27582934,0.5679792,0,1,0,0,0,0
248000,1240005,577.4557217839547,19.42780625239231,-5.938799873082256,0.976919620674302,88.08962636278785,55,0,0,0,0,0,0.9787736262531984,2.125053104455731,-0.31070435,0.31203344,-0.53754413,0.3055084,0,1,0,0,0
249000,1245005,677.3022419076833,79.66024008310356,87.78890314917457,0.848514479115624,87.83993132057381,55,0,0,0,0,2,0.9759992368952646,2.116954170874561,-0.31070435,0.31203344,-0.53754413,0.3055084,0,1,0,0,0
250000,1250005,1111.563897271426,13.436038081057085,124.07945009749615,0.9404404483648994,0,30,1,0,0,0,0,0.9771896255740483,2.1209863557268944,-0.08815956,-0.53587687,0.51312363,0,0,0,0,0,0
251000,1255005,1301.2724082448449,-49.70510719085997,105.99079419929693,0.9965788547929515,87.47659483625856,5,0,0,0,0,0,0.9719621648473173,2.1421631580965546,0.22354576,-0.2757541,0.5679416,0,1,0,0,0,0
252000,1260005,1031.7215765571036,-63.47669519717862,-115.9943865479967,0.9958076467659237,87.34353168065675,5,0,0,0,0,0,0.9704836853406306,2.1219622937920612,0.2235696,-0.27583277,0.5679717,0,1,0,0,0,0
253000,1265005,617.0182151893523,7.426179442448684,-112.83520528493328,0.9912545189287939,87.22065077342114,55,0,0,0,0,0,0.9691183419269016,2.181216629240236,-0.31070435,0.31203344,-0.53754413,0.3055084,0,1,0,0,0
254000,1270005,627.2460892816543,80.19918794675515,-85.99019067506147,0.8850140059688147,87.13312253883964,55,0,0,0,0,0,0.9681458059871071,2.209796318624343,-0.31070435,0.31203344,-0.53754413,0.3055084,0,1,0,0,0
255000,1275005,1059.0881764435644,22.93270981161696,17.49442361053151,0.9256566035859672,0,30,1,0,0,0,0,0.9692651088060955,2.233971302120559,-0.08039063,-0.54054725,0.52884483,0,0,0,0,0,0
256000,1280005,1317.2349275907163,-41.13773925425272,13.412284836275797,1,87.80536225578135,5,0,0,0,0,0,0.9756151361753482,2.241571226075024,0.223569,-0.27582937,0.56798625,0,1,0,0,0,0
257000,1285005,1100.5836543834484,-71.82570948108211,129.50846074144593,0.9952133247580384,87.55511463976354,5,0,0,0,0,0,0.9728346071084838,2.287216153244128,0.22357023,-0.27583447,0.5679772,0,1,0,0,0,0
258000,1290005,660.8166050153659,-2.270952694993456,140.70335104600267,1,87.45620923302788,55,0,0,0,0,0,0.9717356581447543,2.2816625862095123,-0.31070423,0.31203344,-0.53754425,0.30550832,0,1,0,0,0
259000,1295005,593.6906110595291,73.33169692197627,140.3275663660871,0.9076029538554956,87.75662158007083,55,0,0,0,0,0,0.9750735731118981,2.317379179207069,-0.31070435,0.31203344,-0.53754413,0.3055084,0,1,0,0,0
260000,1300005,1012.6268993115182,30.626444334485637,-88.96901122617469,0.9070448473987469,0,30,1,0,0,0,0,0.9756721443263877,2.257215155274445,-0.17742358,-0.4964608,0.6691241,0,0,0,0,0,0
261000,1305005,1324.6668023850152,-34.33233618350071,-93.22599503174796,1,0,5,1,0,0,0,0,0.9750969312445954,2.229570692176037,-0.03610689,-0.06415058,0.71642774,0,1,0,0,0,0
262000,1310005,1155.4047294052216,-77.61053690807206,9.070220312165615,1,88.08925962112896,5,0,0,0,0,0,0.9787695513458773,2.2729686643214255,0.22357026,-0.27583447,0.5679772,0,1,0,0,0,0
263000,1315005,702.2601555152442,-9.742151129121602,34.556973066649874,1,88.39586386375342,55,0,0,0,0,0,0.9821762651528158,2.1946617228541383,-0.3107043,0.31203297,-0.5375438,0.3055084,0,1,0,0,0
264000,1320005,573.2403902591996,66.84427309604527,26.04644542483277,0.8993961219920698,88.13874826173759,55,0,0,0,0,2,0.9793194251304177,2.1715465146167254,-0.31070435,0.31203344,-0.53754413,0.3055084,0,1,0,0,0
265000,1325005,976.268427502202,36.45775901564076,164.7477141783402,0.8977917894572441,0,30,1,0,0,0,0,0.9807627057502338,2.166751967375345,-0.17775859,-0.49586207,0.66931194,0,0,0,0,0,0
266000,1330005,1328.7108657187891,-29.30547616835054,160.71704978198397,0.982158780688886,0,5,1,0,0,0,0,0.9818267269801904,2.1815375816399727,-0.018659959,-0.07901407,0.6722561,0,1,0,0,0,0
267000,1335005,1197.2915284700202,-80.67733866766143,-117.57576521020597,1,88.48713659414268,5,0,0,0,0,0,0.9831904066015854,2.22429911827205,0.22357017,-0.27583444,0.5679772,0,1,0,0,0,0
268000,1340005,736.6572379412228,-15.03086902033538,-71.29660551728448,0.9809741934111317,88.89276518056448,55,0,0,0,0,0,0.987697390895161,2.198201744762331,-0.31063932,0.31197545,-0.53761655,0.3054391,0,1,0,0,0
269000,1345005,561.9904057265858,62.11462716973626,-82.93658399912925,0.898066365520565,89.27791768776324,55,0,0,0,0,0,0.9919768631973693,2.22349574267543,-0.31070435,0.31203344,-0.53754413,0.3055084,0,1,0,0,0
270000,1350005,952.0135309607831,40.37988908794112,58.75650254383696,0.9033894310090154,0,30,1,0,0,0,0,0.9921676073270623,2.173979944323335,-0.18644561,-0.47793275,0.6726666,0,0,0,0,0,0
271000,1355005,1333.2035532709706,-26.058620249823612,55.07569933957042,1,0,5,1,0,0,0,0,0.9934519207658856,2.2198021276445483,-0.015716461,-0.07446299,0.67351097,0,1,0,0,0,0
272000,1360005,1227.6718398514458,-81.5700420846431,117.77644594106974,1,89.12320012573082,5,0,0,0,0,0,0.9902577791747869,2.2448788605457652,0.22357023,-0.27583444,0.5679773,0,1,0,0,0,0
273000,1365005,761.0425671641142,-18.199982725764304,-176.84435846737713,0.9848284764514846,88.91013338558658,55,0,0,0,1,0,0.987890370950962,2.1894793279673452,-0.30479452,0.30618346,-0.5442258,0.2977606,0,1,0,0,0
274000,1370005,556.6859490635934,59.40158168530156,-174.64936702352935,0.9098163948301556,88.92213864105108,55,0,0,0,0,0,0.9880237626783454,2.185793823896741,-0.31070435,0.31203344,-0.53754413,0.3055084,0,1,0,0,0
275000,1375005,940.8271217029287,42.380266771202756,-46.81695693122621,0.8943449670018729,0,30,1,0,0,0,0,0.9887448398676548,2.1843714892221278,-0.20875357,-0.43195555,0.6812776,0,0,0,0,0,0
276000,1380005,1340.8724300314625,-24.575074887247247,-50.2238164453216,1,0,5,1,0,0,0,0,0.9898697004722768,2.2004234736320996,0.011646032,-0.06954623,0.65518063,0,1,0,0,0,0
277000,1385005,1247.823483582125,-81.61419382651235,3.9283115113576463,1,89.03343983280385,5,0,0,0,0,0,0.9892604425867094,2.2476410717852007,0.22357023,-0.27583447,0.5679773,0,1,0,0,0,0
278000,1390005,773.6372730991625,-19.300928738067697,77.93417795120568,1,89.13014664978905,55,0,0,0,0,0,0.9903349627754339,2.2297000263936346,-0.30368197,0.3049414,-0.5452307,0.29528782,0,1,0,0,0
279000,1395005,555.3360581489278,58.78130169057352,79.97498786144877,0.9014305384548987,88.76237090216301,55,0,0,0,0,0,0.9862485655795891,2.1566482688546396,-0.31070435,0.31203344,-0.53754413,0.3055084,0,1,0,0,0
280000,1400005,943.6071667209808,42.44488720197613,-151.88147693490788,0.9160592522926762,0,30,1,0,0,0,0,0.9833656421702409,2.169089659252408,-0.21165814,-0.42598417,0.6823979,0,0,0,0,0,0
281000,1405005,1353.3016153315648,-24.850385039795068,-155.20669983395393,1,0,5,1,0,0,0,0,0.9845413677758528,2.1132134373820546,-0.02370993,-0.06904378,0.6834245,0,1,0,0,0,0
282000,1410005,1258.0544011193015,-81.60477586853472,-97.41694191990541,1,88.76714068351944,5,0,0,0,0,0,0.9863015631502161,2.0526303413944644,0.22357023,-0.27583447,0.5679773,0,1,0,0,0,0
283000,1415005,773.3780023847557,-18.353135637611427,-26.95051559301445,1,88.58567872337811,55,0,0,0,0,0,0.9842853191486456,2.0762811304875823,-0.26425827,0.264836,-0.5861498,0.23563841,0,1,0,0,0
284000,1420005,557.312425971797,60.261863234337625,-24.166615231200115,0.9207841401050493,89.07304270144603,55,0,0,0,0,0,0.9897004744605113,2.059212898044154,-0.31070435,0.31203344,-0.53754413,0.3055084,0,1,0,0,0
285000,1425005,960.7025619357673,40.591102041884106,103.56378471581057,0.9108449413522253,0,30,1,0,0,0,0,0.9881040347560246,2.066558913134903,-0.17853399,-0.49426174,0.6696116,0,0,0,0,0,0
286000,1430005,1370.4574835513968,-26.850911167022364,100.12623673041337,0.97831167238424,0,5,1,0,0,0,0,0.9902896004706202,2.091038400568984,-0.040531024,-0.07036238,0.69757175,0,1,0,0,0,0
287000,1435005,1257.90383198369,-81.21352835313007,172.9584069267703,0.9851424983434919,88.8481880075343,5,0,0,0,0,0,0.9872020889726033,2.0702201680754015,0.22357023,-0.27583447,0.5679773,0,1,0,0,0,0
288000,1440005,760.1152528924686,-15.38817282019594,-131.51281876613905,0.9981231732821891,88.63115707826803,55,0,0,0,0,0,0.9847906342029781,2.0842672150879924,-0.30176,0.30294245,-0.5477437,0.29359642,0,1,0,0,0
289000,1445005,563.5397708430773,63.77413267818463,-126.72176677819559,0.9057125881857281,88.76517039252752,55,0,0,0,0,0,0.9862796710280836,2.0579145579505376,-0.31070435,0.31203344,-0.53754413,0.3055084,0,1,0,0,0
290000,1450005,992.4418969896287,36.87037468771124,-0.5721416673071891,0.9031434582925952,0,30,1,0,0,0,1,0.9870184465233521,2.043750154246855,-0.1775928,-0.4962042,0.66924775,0,0,0,0,0,0
291000,1455005,1391.488754349827,-30.52690101641326,-4.197631198637334,0.997319366660057,0,5,1,0,0,0,0,0.9838540215117682,2.031739684836389,-0.026849227,-0.06636679,0.71718055,0,1,0,0,0,0
292000,1460005,1246.2279033124996,-79.27435067987011,104.48838056446692,0.9970921008797788,88.41172224020742,5,0,0,0,0,0,0.982352469335638,2.0807733319001547,0.22357023,-0.27583447,0.5679773,0,1,0,0,0,0
293000,1465005,734.3485525950346,-10.396922488217601,124.22397982473915,0.9921895775472023,88.52255495998311,55,0,0,0,0,0,0.9835839439998124,2.0543412515285095,-0.3106869,0.31201375,-0.53756416,0.30548748,0,1,0,0,0
294000,1470005,576.6181864151013,69.18650174353972,133.68830560479338,0.91741325001641,88.60416169167492,55,0,0,0,0,0,0.9844906854630546,2.0548669125613945,-0.31070435,0.31203344,-0.53754413,0.3055084,0,1,0,0,0
295000,1475005,1039.1736408535153,31.32680782179369,-104.41384069601256,0.9202526060283927,0,30,1,0,0,0,0,0.9908060879743019,2.1061357610979337,-0.17519258,-0.497481,0.6660124,0,0,0,0,0,0
296000,1480005,1414.18716756898,-35.84488879309875,-108.09891238478606,0.9911434455428898,0,5,1,0,0,0,0,0.9863618655276772,2.0898663096605823,0.079681225,-0.097010665,0.7083547,0,1,0,0,0,0
297000,1485005,1220.8142129495654,-74.91140087279742,17.464434549228802,1,88.93653499510091,5,0,0,0,0,0,0.9881837221677879,2.071689465085235,0.22357023,-0.27583447,0.5679773,0,1,0,0,0,0
298000,1490005,697.5780313530367,-3.33307096070718,20.246103895046556,0.9898121427230434,88.64037353366813,55,0,0,0,0,0,0.9848930392629792,2.099867246484272,-0.31070444,0.31203339,-0.5375442,0.30550835,0,1,0,0,0
299000,1495005,600.6343348605278,76.03285825521827,42.29540383064229,0.9097270970531092,88.84717962845791,55,0,0,0,0,2,0.9871908847606434,2.1387455480477158,-0.31070435,0.31203344,-0.53754413,0.3055084,0,1,0,0,0
300000,1500005,1100.4657037014595,24.02145020499829,151.9285855648622,0.9252147944490801,0,30,1,0,0,0,0,0.9878889495426542,2.16885382995049,-0.089553475,-0.5365318,0.5455842,0,0,0,0,0,0
301000,1505005,1434.7830948979981,-42.76767781270533,148.60262922363967,1,88.97588229851237,5,0,0,0,0,0,0.9886209144279153,2.2068291252426437,0.22356942,-0.2758316,0.5679816,0,1,0,0,0,0
302000,1510005,1178.9981674669016,-68.10014835805107,-75.90456543479227,1,89.30660487718933,5,0,0,0,0,0,0.9922956097465482,2.181141176371348,0.22357023,-0.27583447,0.5679772,0,1,0,0,0,0
303000,1515005,653.0237013090727,5.869104591695789,-83.42568221185789,1,89.55002825205068,55,0,0,0,0,0,0.9950003139116742,2.249559454753047,-0.31070435,0.31203344,-0.53754413,0.3055084,0,1,0,0,0
304000,1520005,640.9100999081775,81.47987711760724,-17.451378196528292,0.8762623980275093,89.6561420103641,55,0,0,0,0,2,0.9961793556707123,2.2339189033796742,-0.31070435,0.31203344,-0.53754413,0.3055084,0,1,0,0,0
305000,1525005,1174.9186814124541,15.02047629595325,48.39408598594441,0.9303916351597468,0,30,1,0,0,0,0,0.9876218943055349,2.2454791837707573,-0.19718204,-0.4667967,0.39127722,0,0,0,0,0,0
306000,1530005,1448.0689577783796,-51.26713869151551,46.34542570742693,1,89.0833223552586,5,0,0,0,0,0,0.9898146928362067,2.255978331113334,0.22357026,-0.2758344,0.5679772,0,1,0,0,0,0
307000,1535005,1117.915156273085,-58.99992341249174,-173.60591655466536,0.9924516946179862,88.8881549789908,5,0,0,0,0,0,0.9876461664332311,2.245664833287086,0.22357026,-0.27583444,0.5679772,0,1,0,0,0,0
308000,1540005,606.3595701852973,17.295458909028586,173.3107199537318,0.9759445467455155,88.72775291864909,55,0,0,0,0,0,0.9858639213183232,2.3050387441683022,-0.31070435,0.31203344,-0.53754413,0.3055084,0,1,0,0,0
309000,1545005,703.0773403605617,76.36778364718516,-62.08173047882073,0.8654158138663071,88.56254706053501,55,0,0,0,0,0,0.9840283006726113,2.310559700019588,-0.31070435,0.31203344,-0.53754413,0.3055084,0,1,0,0,0
310000,1550005,1258.575569815167,4.410085916843159,-39.97953777824875,0.9544454604837228,0,30,1,0,0,0,0,0.9820440982459958,2.2926299948726627,-0.14450473,-0.3036517,0.55178154,0,0,0,0,0,0
311000,1555005,1447.0911535666228,-61.26403668034491,-53.63372137914614,0.9942832555715949,88.29295125948444,5,0,0,0,0,0,0.9810327917720494,2.293224783816208,0.22357023,-0.27583444,0.5679772,0,1,0,0,0,0
312000,1560005,1035.8395801337165,-47.65952050268924,86.2692755117117,0.9960642118895714,88.24467059876923,5,0,0,0,0,0,0.9804963399863248,2.3390469120153474,0.22356543,-0.27581143,0.5680219,0,1,0,0,0,0
313000,1565005,566.7784898208001,30.9774577470675,70.74028308131258,0.9634952623008265,87.91512023280151,55,0,0,0,0,0,0.9768346692533502,2.3112668716195968,-0.31070435,0.31203344,-0.53754413,0.3055084,0,1,0,0,0
314000,1570005,791.6084032622584,64.1609957528409,-147.24913454104953,0.8526116635463978,0,30,1,0,0,0,0,0.9803684451099234,2.291371783658368,-0.38904276,-0.42819563,0.52384275,0,0,0,0,0,0
315000,1575005,1344.8676804835877,-7.713063134659246,-143.20914989242553,0.9745010472071899,0,30,1,0,0,0,0,0.978013852067756,2.275078992624897,-0.24492943,-0.19930248,0.4503463,0,0,0,0,0,0
316000,1580005,1423.8385187295917,-72.41325558949187,-146.40681987994085,1,88.08487626548727,5,0,0,0,0,0,0.978720847394303,2.2822335363095663,0.22357023,-0.27583447,0.5679773,0,1,0,0,0,0
317000,1585005,933.6652516501026,-34.01304255724342,-15.147821751131584,1,88.00854634390805,5,0,0,0,0,0,0.9778727371545339,2.2863754438102157,0.23665023,-0.25418088,0.5897337,0,1,0,0,0,0
318000,1590005,547.065557910857,46.839733695212416,-30.288860199870758,0.9301060730398901,87.90446407620863,55,0,0,0,0,0,0.9767162675134291,2.2568776504925014,-0.31070435,0.31203344,-0.53754413,0.3055084,0,1,0,0,0
319000,1595005,907.6541414092399,49.370753700718794,115.59773595242433,0.8880574278435424,0,30,1,0,0,0,0,0.9816955651541864,2.249000217133841,-0.23871167,-0.37991974,0.6923403,0,0,0,0,0,0
320000,1600005,1423.960601554114,-21.254099337199413,113.9163307313528,1,0,5,1,0,0,0,0,0.9879468997617848,2.212046408210263,0.07356898,-0.08319064,0.61956435,0,1,0,0,0,0
321000,1605005,1370.212655353308,-81.38423909297786,159.94665457989055,1,88.61830934853182,5,0,0,0,0,0,0.9846478816503537,2.260489517587946,0.22357023,-0.27583447,0.5679773,0,1,0,0,0,0
322000,1610005,817.0914954371874,-17.943933788492878,-117.19109618993717,0.9807635834203889,88.87139577999645,55,0,0,0,0,0,0.9874599531110716,2.287432333175842,-0.1866955,0.2162983,-0.65647465,0.10312039,0,1,0,0,0
323000,1615005,562.2707303737889,64.4756509161345,-126.28047104177777,0.9130822894801622,89.16963299243098,55,0,0,0,0,0,0.9907736999158998,2.254448049023517,-0.31070435,0.31203344,-0.53754413,0.3055084,0,1,0,0,0
324000,1620005,1047.0240599647068,32.950435572489724,15.003837233942884,0.9056734202934668,0,30,1,0,0,0,1,0.9871307983223357,2.2685065650338085,-0.17745154,-0.49644792,0.6691631,0,0,0,0,0,0
325000,1625005,1483.3805598611498,-36.13427359690968,11.803811676225877,0.9846918349737318,89.01908597588202,5,0,0,0,0,0,0.989100955287578,2.2443322146839484,0.22356409,-0.2758049,0.5680236,0,1,0,0,0,0
326000,1630005,1279.9240528695964,-73.45748146605096,125.39320836446628,0.9998784994219917,89.3294266241699,5,0,0,0,0,0,0.9925491847129988,2.2624988003877045,0.22357023,-0.27583447,0.5679773,0,1,0,0,0,0
327000,1635005,698.7874375231249,0.6761137813959736,140.6332467841717,0.9911741700881156,89.25249119288544,55,0,0,0,0,0,0.991694346587616,2.2481138945450847,-0.31070435,0.31203344,-0.53754413,0.3055084,0,1,0,0,0
328000,1640005,626.3798141860607,80.6500795898858,-169.51646434593846,0.8810355588655997,88.99864271754501,55,0,0,0,0,0,0.9888738079727223,2.23057661596426,-0.31070435,0.31203344,-0.53754413,0.3055084,0,1,0,0,0
329000,1645005,1199.511662929367,15.26841164570839,-86.82875666301051,0.941490932913478,0,30,1,0,0,0,0,0.9917332371702028,2.236685818443633,-0.18267791,-0.42004973,0.43570802,0,0,0,0,0,0
330000,1650005,1508.983414212582,-52.31370006841067,-88.3463624220776,1,89.11177023451766,5,0,0,0,0,0,0.9901307803835295,2.2212481755312994,0.22357026,-0.27583447,0.56797737,0,1,0,0,0,0
331000,1655005,1150.3966505097724,-56.72172527106333,37.33667016330157,0.9937667843206851,88.78945754112893,5,0,0,0,0,0,0.9865495282347658,2.2174154708713325,0.22357023,-0.2758344,0.5679773,0,1,0,0,0,0
332000,1660005,599.8267899323564,21.92716950271264,38.93613156803665,0.9726873394161123,88.68179310601528,55,0,0,0,0,0,0.9853532567335032,2.270215292751188,-0.31070435,0.31203344,-0.53754413,0.3055084,0,1,0,0,0
333000,1665005,747.0118755131216,70.32120134965015,175.81629486977198,0.8459276901557731,0,30,1,0,0,0,0,0.9810966715943619,2.255680180144878,-0.2839517,-0.39631185,0.48977825,0,0,0,0,0,0
334000,1670005,1347.9700660261105,-3.476863747584135,170.9838358011556,0.9787815285101275,0,30,1,0,0,0,0,0.9866170555276049,2.2611415494707634,-0.30221137,-0.2639507,0.47335154,0,0,0,0,0,0
335000,1675005,1485.9250814765264,-69.50825224664405,179.0392143366589,0.9884047865459691,88.30736385626578,5,0,0,0,0,0,0.9811929317362865,2.3142610486455784,0.22357023,-0.27583447,0.5679773,0,1,0,0,0,0
336000,1680005,986.8355357764322,-36.64895160493577,-60.94269032969149,0.9974322004870572,88.15826251448212,5,0,0,0,0,0,0.9795362501609124,2.3241496091773786,0.2235586,-0.275588,0.56845313,0,1,0,0,0,0
337000,1685005,549.121300971593,45.60861955029618,-60.76949900940061,0.9384040776464625,88.18112809494156,55,0,0,0,0,0,0.9797903121660173,2.3032960760762355,-0.31070435,0.31203344,-0.53754413,0.3055084,0,1,0,0,0
338000,1690005,919.4837730778945,48.60557774401918,85.68904760412772,0.8976267709515089,0,30,1,0,0,0,0,0.9795695358031209,2.315906458657661,-0.23082854,-0.38808164,0.68971467,0,0,0,0,0,0
339000,1695005,1469.7613663193833,-23.186114287332373,69.09450606160738,1,0,5,1,0,0,0,0,0.9829254619004917,2.316654253976448,0.040475965,-0.06723625,0.64046323,0,1,0,0,0,0
340000,1700005,1402.280909092171,-81.39837283441048,148.97415059953164,1,88.56811661171909,5,0,0,0,0,0,0.9840901845746566,2.346091078262359,0.22357023,-0.27583447,0.5679773,0,1,0,0,0,0
341000,1705005,807.3757508303734,-13.513574280044905,-161.66191013208794,1,88.6581068234242,55,0,0,0,0,0,0.9850900758158245,2.34865176059774,-0.27967972,0.2790599,-0.5736977,0.2627547,0,1,0,0,0
342000,1710005,576.3135476830912,70.61745645423721,-149.42210451738413,0.8882616301372959,88.79114310742258,55,0,0,0,0,0,0.9865682567491398,2.3818562841085047,-0.31070435,0.31203344,-0.53754413,0.3055084,0,1,0,0,0
343000,1715005,1124.1439576387938,25.493061673965144,-13.680857181978029,0.9294951014014101,0,30,1,0,0,0,0,0.9819663323444111,2.369174420966131,-0.081430614,-0.5397538,0.5227442,0,0,0,0,0,0
344000,1720005,1540.048944522313,-43.86982664514205,-31.344881650011413,1,88.77387156948407,5,0,0,0,0,0,0.9863763507720452,2.412485493821702,0.22357008,-0.27583337,0.567979,0,1,0,0,0,0
345000,1725005,1253.4541500914975,-65.07631651759509,106.58831510356192,1,88.34223690294746,5,0,0,0,0,0,0.9815804100327495,2.4187822249630164,0.22357023,-0.27583447,0.5679773,0,1,0,0,0,0
346000,1730005,646.7134898102922,12.776741549095082,112.3432631075843,0.9617257438531357,88.33922661117653,55,0,0,0,0,0,0.9815469623464059,2.4372847744919213,-0.31070435,0.31203344,-0.53754413,0.3055084,0,1,0,0,0
347000,1735005,698.4581722172225,76.68363384079116,-138.90734923103201,0.8479156932707719,88.37441656813546,55,0,0,0,0,0,0.9819379618681717,2.463789412153361,-0.31070435,0.31203344,-0.53754413,0.3055084,0,1,0,0,0
348000,1740005,1328.5509049651146,1.7699973861884781,-114.89615447441585,0.9745401677786468,0,30,1,0,0,0,0,0.9844830781841563,2.420999121394411,-0.2229581,-0.2864197,0.5144479,0,0,0,0,0,0
349000,1745005,1535.3726533105792,-65.44377353552686,-125.51117081991725,1,88.75445728805687,5,0,0,0,0,0,0.9861606365339652,2.4085328313085834,0.22357023,-0.27583444,0.5679773,0,1,0,0,0,0
350000,1750005,1048.5118801565104,-40.88964085793828,12.886668978935157,1,88.68540762910978,5,0,0,0,0,0,0.9853934181012197,2.3818606783319822,0.22356826,-0.27582085,0.5680075,0,1,0,0,0,0
351000,1755005,554.580488797239,41.989597414138046,13.110024798713454,0.9237607710981971,88.85801223570596,55,0,0,0,0,1,0.9873112470633996,2.3767643221830808,-0.31070435,0.31203344,-0.53754413,0.3055084,0,1,0,0,0
352000,1760005,906.350377085495,50.497698860947835,144.83540798395506,0.8796115369853855,0,30,1,0,0,0,0,0.9863866501132664,2.409386338618604,-0.2382945,-0.38020608,0.6922089,0,0,0,0,0,0
353000,1765005,1492.4968771083895,-22.44837738286329,143.88009522988887,0.9870909680769608,0,5,1,0,0,0,0,0.9814125244418763,2.4387369589181134,0.07403818,-0.075585224,0.62130904,0,1,0,0,0,0
354000,1770005,1438.6903556816133,-81.39135621917129,-152.12878227397965,1,88.78228533829629,5,0,0,0,0,0,0.986469837092181,2.4681816008770956,0.22357023,-0.27583447,0.5679773,0,1,0,0,0,0
355000,1775005,819.0873088594326,-12.87166351882841,-86.66283798258509,1,88.68904810748393,55,0,0,0,0,0,0.9854338678609325,2.453696538856818,-0.2725988,0.2713493,-0.58181155,0.25198886,0,1,0,0,0
356000,1780005,580.7889483992349,72.42600610603621,-71.39675757882402,0.8933504735365773,89.25017627840582,55,0,0,0,0,0,0.9916686253156202,2.4243742232794996,-0.31070435,0.31203344,-0.53754413,0.3055084,0,1,0,0,0
357000,1785005,1160.5079804731477,22.5100055629841,46.7064781608712,0.9331812392937693,0,30,1,0,0,0,0,0.9851980516375225,2.4905019268855,-0.16043401,-0.4949429,0.42958912,0,0,0,0,0,0
358000,1790005,1575.6744240091139,-47.28241806347455,44.64515367691874,0.993944989532743,88.9922054921574,5,0,0,0,0,0,0.9888022832461933,2.4708622992365106,0.22357026,-0.27583414,0.5679777,0,1,0,0,0,0
359000,1795005,1248.1852019765938,-60.919211503143394,169.57891771947942,0.9999115700448458,88.91160745963057,5,0,0,0,0,0,0.9879067495514507,2.4245305074958643,0.22357017,-0.27583447,0.5679772,0,1,0,0,0,0
360000,1800005,625.8137354709097,18.904452924449394,173.20821534739977,0.9689844387820163,89.07841308924718,55,0,0,0,0,0,0.9897601454360798,2.395913962187194,-0.31070435,0.31203344,-0.53754413,0.3055084,0,1,0,0,0
361000,1805005,745.3414633055381,70.37609967903884,-49.66630808210657,0.845478008098403,0,30,1,0,0,0,0,0.9885532767011588,2.380693572745908,-0.33517146,-0.42203188,0.48574638,0,0,0,0,0,0
362000,1810005,1401.5728337763376,-5.506601417413816,-53.939034095466205,0.964091537417014,0,30,1,0,0,0,0,0.9851045909039424,2.400244403652909,-0.29251283,-0.25227404,0.46918282,0,0,0,0,0,0
363000,1815005,1545.8756022142588,-72.4173507927078,-41.43136992676167,1,88.72798074172711,5,0,0,0,0,0,0.9858664526858568,2.3931615140074722,0.22357023,-0.27583447,0.5679773,0,1,0,0,0,0
364000,1820005,988.6031018184631,-31.546315911943225,89.95032637745227,1,88.46548971437774,5,0,0,0,0,0,0.9829498857153082,2.3446832198880707,0.22741929,-0.27303147,0.5754609,0,1,0,0,0,0
365000,1825005,549.0377958885756,53.71944518196109,77.03899638021647,0.9245932632932389,88.2142902440228,55,0,0,0,0,0,0.9801587804891423,2.335171668498566,-0.31070435,0.31203344,-0.53754413,0.3055084,0,1,0,0,0
366000,1830005,1015.4274947123549,38.68842761681218,-136.70121637244807,0.9034275829469023,0,30,1,0,0,0,0,0.9737146459173942,2.2595221017416542,-0.17747407,-0.49642968,0.6691896,0,0,0,0,0,0
367000,1835005,1566.060887341533,-33.58056016826386,-154.0786472482989,1,0,5,1,0,0,0,0,0.9755901007075881,2.2403813597681217,0.059570156,-0.08881075,0.71063584,0,1,0,0,0,0
368000,1840005,1388.1379914334884,-74.17602043069519,-26.887232863208776,1,87.72815731180148,5,0,0,0,0,0,0.974757303464461,2.258115057076843,0.22357023,-0.27583447,0.5679773,0,1,0,0,0,0
369000,1845005,724.6034895610464,2.338174141322752,-9.44416031917857,0.9900181667311593,87.99491441954517,55,0,0,0,0,0,0.9777212713282797,2.2502312099017683,-0.31070435,0.31203344,-0.5375442,0.30550838,0,1,0,0,0
370000,1850005,649.6399560377422,81.20589267710368,63.39722479484498,0.8599183599184678,87.42163676987634,55,0,0,0,0,2,0.9713515196652927,2.2900651653654944,-0.31070435,0.31203344,-0.53754413,0.3055084,0,1,0,0,0
371000,1855005,1312.5514904732945,6.815335433268191,124.14324858590248,0.9498642957119932,0,30,1,0,0,0,0,0.9724747703753801,2.2566315203567853,-0.14460653,-0.30363017,0.551733,0,0,0,0,0,0
372000,1860005,1600.846330995504,-61.97221078516389,111.58466241033547,1,87.32766081406317,5,0,0,0,0,0,0.9703073423784796,2.277489118149987,0.2235702,-0.27583447,0.5679773,0,1,0,0,0,0
373000,1865005,1119.3962292596934,-43.941592997998846,-108.19965885443052,1,87.549467267392,5,0,0,0,0,0,0.9727718585265779,2.325586268227187,0.22357014,-0.27583408,0.5679782,0,1,0,0,0,0
374000,1870005,561.8050071177431,40.30116215975562,-107.49754422481625,0.9306314531265366,87.39090350423946,55,0,0,0,0,0,0.971010038935994,2.323499855891982,-0.31070435,0.31203344,-0.53754413,0.3055084,0,1,0,0,0
375000,1875005,915.4815338244762,49.82571955475265,24.836035446832824,0.8900479589478734,0,30,1,0,0,0,3,0.9664702720856775,2.3575770882779015,-0.25164732,-0.37084895,0.696426,0,0,0,0,0,0
376000,1880005,1543.7128566916117,-24.51226385245249,24.07327296567977,0.9993525924775829,0,5,1,0,0,0,0,0.9646577239907338,2.3830270997938245,0.0021105073,-0.070265956,0.6635647,0,1,0,0,0,0
377000,1885005,1476.0630342992408,-80.44231148133417,106.48163064196685,0.9900286412430193,86.37694613041242,5,0,0,0,0,0,0.9597438458934714,2.417025351346649,0.22357023,-0.27583447,0.5679773,0,1,0,0,0,0
378000,1890005,807.7674685974243,-7.954027521105294,153.89833309886018,1,86.30477927403655,55,0,0,0,0,0,0.9589419919337394,2.415631295303472,-0.31022254,0.3115565,-0.5381435,0.30489486,0,1,0,0,0
379000,1895005,603.653055601204,78.33164419808746,-172.9440493195804,0.8729178958426493,86.44506145295418,55,0,0,0,0,0,0.960500682810602,2.361100305952121,-0.31070435,0.31203344,-0.53754413,0.3055084,0,1,0,0,0
380000,1900005,1252.6783132708924,14.30324253205737,-72.12850472710588,0.9170151251768274,0,30,1,0,0,0,0,0.9636968295930862,2.38472300812338,-0.15269059,-0.33556247,0.5214087,0,0,0,0,0,0
381000,1905005,1629.9547858616916,-55.73608563253262,-72.11026500660739,1,86.31738814475882,5,0,0,0,0,0,0.9590820904973202,2.3528186896874943,0.22357023,-0.27583444,0.5679772,0,1,0,0,0,0
382000,1910005,1201.9944507746222,-50.71527967474005,69.45682391523665,1,86.41641781006103,5,0,0,0,0,0,0.9601824201117893,2.3381175988758676,0.22357026,-0.2758344,0.56797737,0,1,0,0,0,0
383000,1915005,582.6141557338169,32.949541684050494,55.67780185014067,0.9402900761715355,86.47630042839752,55,0,0,0,0,0,0.9608477825377503,2.2914165986703927,-0.31070435,0.31203344,-0.53754413,0.3055084,0,1,0,0,0
384000,1920005,865.0030386640983,55.59968551005366,-157.68052825224873,0.874451779095938,0,30,1,0,0,0,0,0.9615330421485905,2.3008429591735196,-0.33310732,-0.31649098,0.7219599,0,0,0,0,0,0
385000,1925005,1534.1750056255742,-20.13586576611325,-171.7923698028056,1,0,5,1,0,0,0,0,0.960426142261972,2.291228862900349,0.05904063,-0.09927574,0.6184344,0,1,0,0,0,0
386000,1930005,1525.0430529954065,-81.40433730179127,-99.0971592012422,1,86.70235073762437,5,0,0,0,0,0,0.9633594526402708,2.2586595156651894,0.22357023,-0.27583447,0.5679773,0,1,0,0,0,0
387000,1935005,853.7340645453605,-12.326636317542944,-26.8444970886441,0.9942066606846167,87.11802982621433,55,0,0,0,0,0,0.9679781091801591,2.2683101150769795,-0.16165857,0.22413623,-0.670932,0.043341205,0,1,0,0,0
388000,1940005,588.7916950250956,75.42565925209439,-19.429229068877728,0.8750785911856225,86.7311611796431,55,0,0,0,0,2,0.9636795686627011,2.2953958061257413,-0.31070435,0.31203344,-0.53754413,0.3055084,0,1,0,0,0
389000,1945005,1235.6898484803305,16.760768738266233,107.40829026072014,0.934263011942961,0,30,1,0,0,0,0,0.9664281359282113,2.33822960854272,-0.18311493,-0.42124385,0.4344779,0,0,0,0,0,0
390000,1950005,1651.0421977981741,-54.00449948145214,92.00554320474863,1,86.95193610083271,5,0,0,0,0,0,0.9661326233425857,2.2782313963792897,0.22357023,-0.2758344,0.5679772,0,1,0,0,0,0
391000,1955005,1235.872460010055,-52.29391491239537,-126.29166081359085,1,86.7285968949352,5,0,0,0,0,0,0.9636510766103911,2.1900296690484256,0.22357026,-0.27583447,0.5679772,0,1,0,0,0,0
392000,1960005,590.0654913042144,31.680754885770313,-124.63963983671194,0.93941001965236,85.73956991955997,55,0,0,0,0,0,0.9526618879951108,2.2343630327824453,-0.31070435,0.31203344,-0.53754413,0.3055084,0,1,0,0,0
393000,1965005,862.1283404547567,55.91767045842583,7.038827058722726,0.8747754478651792,0,30,1,0,0,0,3,0.9466632718138941,2.2761128297695534,-0.336503,-0.314229,0.72302955,0,0,0,0,0,0
394000,1970005,1549.8567923259097,-20.449754122227738,8.209090877771587,1,0,5,1,0,0,0,0,0.9484263936933515,2.29290143753242,0.068475716,-0.09817148,0.6158085,0,1,0,0,0,0
395000,1975005,1542.807041400748,-81.350996045054,70.36020999159724,0.9968838781